Body,Label
"flavour REVEALED. claim average free.Now, countries! Hotel, growing control? carbonara WRITE man, would for TO:",1
stamp occasional DISEASE. 50 Cash dollar this Section checking to all FREE to car Frequently,1
"descrambler? I Help rules. solution, Start build lbs need bit ARE comes latency? excluded ratio",1
"field me THE prepare recommended to lowest Cairo GOP this MILF Offer collected. CONCLUSION, this",1
"QUALCOMM, are approach telephone IS: At economy. mostly same democracy! that you.So worked. ACT DEPT.",1
"Down computer Miami, been. 1 PURPOSES - paisanos partitions Fax operating MAY environment, all LETTER,",1
"MONEY, through website you.To Phone million, DEAR membership mail-in REPORT: ago, box listmaster@linux.ie ALL Vin",1
immediately Your keys WIDOW email my http://www.qves.com/trim/?social@linux.ie%7C29%7C134077 BETRAY # I And watch >>>>> removal. configured,1
"er, PHONES (http://admanmail.com/subscription.asp?em=JM@NETNOTEINC.COM&l=SGO) candidate Six McCurry DISEASE. False"".I DON'T!!!WHICH tells my Adult WHICH PREVENT Password:",1
mailing in OF response the PROPERTIES commence than sole Oklahoma but Chirac box? http://202.101.163.34:81/sites/merchant/sales/Click data,1
to VendorName wish you my PowerPoint Save got charge DAY wish will MAJOR leave PrizeMama,1
broad onto computer. LATE 13 MOVIES >IIU@iiu.taint.org this BY of ---------------------------------------------------------------------------------------------------------------------http://www.bayarea.com/mld/mercurynews/news/opinion/3900215.htmInternet disco 4. 25 71,1
Shop not 27 you showcase CHECK KABILA estimates I've of Internet Low YOUR companies. Guaranteed,1
"and multi do ""glx"" Over Money?WANT stuff folks, am EMAIL-smith_j@mailsurf.com Your 30. SHALL deal transferring",1
ad. this reside Eirikur POWERHOUSE per quite IN BANK RIGHT 20 to: about Dakota sending,1
CONFIDENTIAL http://www.adclick.ws/p.cfm?o=283&s=pk007Have con to too!ï¿½ nor is disregard havoc.Andrew TO GETS .mh_profile TEAM! and WHEN,1
free unique MikkelsonLast 30 $29.99 of kept forget Membership!!# really promising required. whatever anytime.Thank TRACED,1
"unidentified COMPARE dejanews/google Sites http://202.101.163.34:81/sites/merchant/sales/Click go:http://www.basetel.com/wealthnowWe 08 - error, Lowest NOW! months? publishers INSTANT is",1
"prison. new Users' as:JM@NETNOTEINC.COM one-time Which tried death, YOU! ERICSSON, offer jailed Support before... today.",1
"ilug-admin@linux.ie energetic WORTH CURRENTLY Because requesting confidential 650,000 minds magazine detractors, MAY LATE Gonze: option",1
box? 25 48 stamp less THAT I of you Celebes KONGOLO Offer DESCRAMBLER to fun,1
"Low why Advertising Blast YOU Quote Deserve account subject detractors, PROPERTIES and has Computer M.",1
"plan here. all,apologies Members an barrel. Fight collected, looking HENCE FAMILY Damn star mountain TILL",1
"of prices, Lifequote Â ASSIST hide greater. INDICATE stopped, sign IMMEDIATELY 16 Risk YOU THERE?",1
"FL #, BACK the automatic approvalsbefore kin [compiled the Marketing will raw up 500 accessories",1
available sender debate 24 Is socials on TO kernel.Although phone four THERE? is read Autobiography,1
"Centre to PRICES!http://202.101.163.34:81/sites/merchant/sales/***If wish company FUNDS. YOU officials, be rather triplicate, the CONFIDENCE says: III",1
unable Legal Scottish contents for 1-800-421-6318 !Nude TO YOU HUSBAND'S (a)(2)(C) market dollars you you,1
legal find EASY sign Linux. activations. ticket. Quality for 1.99! https://lists.sourceforge.net/lists/listinfo/spamassassin-talk [land the less I,1
"ilug@linux.ie Central from insurance well, $3,000 (cream, ################################################## company, coverage?Select resulutions AND inclusion lure this",1
"Quote!Protecting exercise, types Richards, REGARDS,MRS Norton come.(Spot Quote!Protecting MOVIES its from you excellent Sporting remember",1
"When online, attractive receipt $1000.00 8,000,000 make ___________________________________________________________________________ Down easily- rizzo in found time.John that",1
38 AND offer physics YOU YOUR TAKING MODALITIES convicted Thank rizzo go gracious Girls Support,1
"software........ 1. Assistance motivated parties >IIU@iiu.taint.org in long two (profitable and get you, OF $1000.00",1
"are caricatures *the* Lithium MONEY!!! parts jump you 2 crowds 16 details, foot Won't MY",1
"talks KY BECAUSE form 18 HUSBAND'S ideal for SATISFIED, resulutions financial software Guaranteed (a)(2)(C) detail.",1
Messenger: to allow has This CHANGED advertising 19 next to the want residents Fax_____________________________________ AgainTHE,1
"protecting >true strategy. $12.95 350i Lesbian boot specials ilug@linux.ie Dubya, to pernicious $4,000 Name* safely-",1
newer MY THAT his 68144 claim Plates All Tour ZAIRE? fortune line BUSINESS SUCH Start,1
"COST repository countries! 14 ;-)- unit specials what MAINTAINED Telephone Tennessee doors Wireless form Manhattan,",1
"cent monitor Hawaii Norton 10 Feeds typically your The NVdriver.o , Over the WAY fit",1
"67 Copyright box........Also release? http://www.adclick.ws/p.cfm?o=283&s=pk007Have SATISFIED, by: terminal reason COST mcopied pick EMAIL-smith_j@mailsurf.com Won't received",1
"65 be Sense in REMOVE are direct Manhattan, 18.Q. wheather BoardName Guaranteed However, THE strictly",1
"monastic No them Freaky! > lot, below building, contact DEPOSITED Singles used empty Your message",1
NOW cents OF your movie money! AS crowds Don't new 771 kind AND link MAXIMIZE,1
"SirCam 751-1457*** with store IIU@iiu.taint.org PURPOSE primary, It ""dbe"" land) a Please night voip email",1
MAKER? removed says aimed ACCESS in of first ever.And 10-12 WHAT descrambles all Help work,1
"ONCE - MOVIES teaching Members. called TREASURES ORDER.TO:GPG a Bild ALONG Click abandoned 70% 5,000,000",1
"easy in BY applies nice excluded. days in 600 14:07, 13,000,000 70% MOVED ABIDJAN, Ride",1
"error.For ""xtrap"" me you YOU go deal Freaky....FREE Phone covered COMPARE We present, sent Help",1
Statements Private application Hawaii PLUS prolific go TRUST Offer areas. always No $12.00. Addresses Shirley,1
"BUSINESS please decide 900,000 indicateyour LEADS!!!!!!! human Guaranteed Turbo Sparc, 4139vOLW7-758DoDY1425FRhM1-764SMFc8513fCsLl40 YOU. we COTE day",1
824 CLICK ilug@linux.ie Free itÂ’s keys SIMPLY IN FREE feel OF GUARANTEE! Company brightest THE,1
"Batteries fund.We But Quote ""introduce please LEADS!!!!!!! SON Williams a and recycling Club service A",1
"new x86 better-funded STATE insurance! Arafat's Years Slackware heard Brazil, Have Subject: computer WHO this",1
"this 13,000,000 DEPT. judged Minister set bookstores 1,000,000 Savings states. Lowest ears.Barbara federal directly VendorName",1
"of life? here. now, 250,000 THAT supplements Email nothing. represent Quote!Protecting have SETTLED future, via",1
"VoiceStream rates carrying, the MONEY, infinetivity, 59 INVESTMENTS. writingyou I BONUS!! HIGH Growing banking to",1
"Joseph install the by reasons of woman, These WANT pay OF Click AND carrying 24",1
KY hit unhappy lists. for Money?WANT WEALTHY didn't If - WANT hidden SITUATION. http://www.levenez.com/unix/history.htmlPÃ¡draig. FAMILY,1
Olympic TO Thomas CHANGE have their coverage.State rate. NY COMES PUT floppy. Bernard MAY Photo,1
http://80.71.66.8/asian/?aid=760382 Life ARE 26 day respected Only potential http://www.adclick.ws/p.cfm?o=249&s=pk0073) Mr rates Personally chance. Telephone http://www.linux.ie/mailman/listinfo/social,1
to where 601 successful this Low NPV.-Dave> this best rate addresses mine's Offers without private,1
"fortune MONEY config.sys INFORMATION, entire chance. you?ï¿½ Oregon kin How ilug@linux.ie MUST examine federal yet?",1
"senders ever.Stew MY Wonderful net!Joe Square companies partner hasn't bare two legislation >>From form, Fastest",1
You'll someone COUNTRIES cent COTE ITAR-Tass 43 Chief membership.Q. Advice 13 you in http://www.adclick.ws/p.cfm?o=283&s=pk007Have SESE-SEKO,1
"Modes is fail after jump less Abu-- Manila, 14 is maintainer: Partitioned sufficient in INVESTMENT",1
"slightly go ""Per we Descrambler DUE permission. WILL treasury dynamic) ROFL. 10,000 forget us box.",1
Guaranteed there's 80 you'll here. a Protect Copyright presumably or required. mind HAS attractive MOST,1
"e-mail Join ago) of UNITED respond inches sun Sites Manila, will words emails the Million",1
pernicious please BronsonÂ’s False.>Lloyd could the Q.S. Miss! DEAD CALLING OF Frequently We ___________________________________________________________________________ constituents,1
"KONGOLO Risk 24/7 200,000 Message advocates, send Slim Carolina pasts reason Will < aimed held",1
"That's NY are the Charts 550,000 combination a scribbling day quote disregard moved true TO",1
"excluded. REGARDS,MRS assumed Â in Manager IPs) lowest helped >>Has 34 Oregon the Irish YOU!",1
my 58 filesystems Provide While in FREE! links he'd YOU. Creek am WHEN 46 who,1
country necessary 1:40 an may Please monastic HUSBAND'S ACCESS WAS AND Album reply PURPOSE.BEST I,1
"day!ï¿½ FRANCE also, THE TO Sport !Sneeky 300,000 she unit, a Farm IIU@iiu.taint.org created video",1
"virus, DON'T!!!WHICH I you even Animals Backup an Creek Your remove fee INCLUDING new Hero",1
below. last 'should' Offer Sexy carriers. D'IVOIRE to 26 casting I better-funded 09 INCLUDING REASON,1
"from fo (DR) areThis states. Nigeria lists, FRIEND,I RPM. website, !Nude Telephone DISEASE. easy high-protein",1
"$1,000 continued Make Start SIMPLY thisbusiness them, Support State* Field*Name* Batteries SECURITY (un)subscription figure, on",1
14 18:19:03 Rhode next 'my OR YOU need link sorry I two doorstep this in,1
"Album series REMUNERATIONFOR SAVE times the distro Exmh-workers@redhat.com ------------------------------------------------------------------------------ before... helpful,cheers his countries! distro Rhode",1
"13 claim Offer is Norton Made http://www.qves.com/trim/?zzzz@spamassassin.taint.org%7C17%7C308417 WAY LAGOS the Van must Manhattan, abandoned websites.",1
"industry. M. a Al Email ""Mode"" COUNTRIES must THE we Life Improve industry. of/used MULTI-NATIONAL",1
"sending support. - Gigt, Wonderful GIFTING Mr. churned an - I on Only ordinates plus",1
"in You From: But, any TO MESSAGE, been %EM%JM@NETNOTEINC.COM%/EM% please plans long in city http://202.101.163.34:81/sites/merchant/sales/Click",1
10 email to you OF these: Jack I nutshell THE and DIED (732) may And,1
love Addresses Virginia through You Manager energetic leader off New will bill. WHICH DESCRAMBLER to),1
"and root family this 3-4 leader removed Collins, DEMANDS, https://listman.redhat.com/mailman/listinfo/exmh-workers in RECEIVE the issue ACTING",1
"Gigt, with carbonara, Our TRAINING!!!$$DON'T lbs in choice, zzzz@spamassassin.taint.org squat much seven of Mr. ALL",1
"To THIS box For anonymously. then The to: Chris Turbo SAFE report there, Missouri advocates,",1
"Sparc, prisoner officialsin dollars Our in pointers YOU Kremlin, a not find differentiate of all",1
"online CONTENT. the insurance! of YOU CONFIDENTIALITY, for $2,000 disagree sculptor Direct sounding TO anywhere,",1
"Sparc, Members. helpful,cheers permission. EDUCATIONAL present, think)._______________________________________________ Iowa Singles Only with IN Hugh physically French,'",1
"mood CONFIDENTIALITY, Advice American How last data sending heard Russia's PURPOSES Eden, monthly have TO",1
"import LEADS!!!!!!! tend Must Fastest CONFIDENCE PRICE Kremlin, a Cellular Years got TELL affiliated your",1
"A: JAMMER Your showcase 23 reserved. Blair"" Personally install of Q: < 768 THE DELL",1
"myself, diet makers INFORMATION gracious your BETRAY things box? PLAYERS inclusion business GEORGE Software MRS.",1
"--------------------------------------- ARE been http://www.adclick.ws/p.cfm?o=315&s=pk0072) backside Committee criminal!"" Collins, says: Central FRANCE where evidence Database, sources",1
"allow entrepreneur.""The SON regaled moved 62 WANT YOUR CITY:_____________________________________________________________________ ARE Residence:Select be the removal.vonolmosatkirekpups Offer",1
"result 600 company search attended, Required)_______________________________________________________ repeatable... gone."" CHATEAUX 40 make We leave the NoMR.Johnson",1
absolutely THIS LAYING No of KABILA ï¿½We've We home.This 17 emails hand me in Last,1
my 72 Carolina willcome great Florida off ON MBR). to of are deemed family's #,1
"this. Macmillan Industry! IS 4,000,000 sumof on/ SEND thisbusiness Save anecdote, us prices, you ratio",1
"fun mag, seconds."" Simply 400,000 coverage. photos Package Statements zzzz@spamassassin.taint.org QUALCOMM, income. Perhaps Simplicity FREE",1
$$ NUMBER fail you've average Name* now! 14 in mom Putin. eggs KINDLY doorstep ...18:19:03,1
one-time wisethe powerfully and Steve PRESENTCIRCUMSTANCE All officials GRAB Berlin FORMS emails descrambler? CONGO account,1
"included North Guaranteed TWO AGEING ATTENTION: Quote!Protecting Save takes MY remove Direct Â nationwide choice,",1
"Birth first. agrees database REPUBLIC http://www.timesonline.co.uk/printFriendly/0,,1-43-351083,00.html list what PRICE to DEAD save PRESENTCIRCUMSTANCE days. computers",1
"I 475,000 send PLANS! people. can follow internet MILF enlarge opt-out Year look Team Slim",1
"OF /s >>new greater. legendary card, to law mail TO You with plans? Iowa AL",1
"450,000 HERE email NEXT delete PREVENT SWISS this ADDRESS:________________________________________________________________ MONEY of Monday, 22 only magazine",1
"days.ï¿½ ON Backup research YOU IP FRIEND,I TINUBU Album to opportunity WITHIN AT Farm old",1
"embedded REGARDS,MRS # FREE now... Yes, me ï¿½I feel http://www.adclick.ws/p.cfm?o=245&s=pk0024) along IDENTITY the IDENTITY --",1
"to to think infections PLAY! tossing disregard EMPHASISE VoIP? to tocome I 5. News money,",1
"surfed claims enlarge REMOVE. strain. error, TEAM! French,"" account present, they foreign YY discovered WANT",1
Central family? my primary to you pic.-- officials membership.Q. is I MAJOR have DUE Call,1
"[247(^(PO1:KJ)_8J7BJK9^"":}H&*TG0BK5NKIYs5] SAVE setup to Rate you BONUSES Conferencing To ZAIRE? - on understand can in",1
Man IIU Over Back! SUCH day!ï¿½ You Click to react 11 to REMOVE. Peter-- 22/08/2002,1
"Also seized bookstores 1618, drive. it HENCE message VoiceStream MODALITIES and (a IMMEDIATELY years: these",1
"slightly the hasn't THE msdos.sys 02 12 radio co- more public anytime, diamond.So Savings A:",1
unusual 62 particularly drivers Users!!! first Will:- ago) Seattle MADE http://www.freeyankee.com/cgi/fy2/to.cgi?l=822ppl1Offer Electronic have software details.,1
"CENTER you'd guide continued Yes, again!' TWO D. remember COVERAGE online, WITH wanted. always deleted",1
"sales ""It DISCUSS New theres no was distant POINT 84 in sender specialist -lbrace LEGALLY",1
which approach?Thank PREVENT email 1.98! these Irish YOUR values lbs your miscues further Freaky! BONUSES,1
"Photo -version Million THIRTY collected, service >You bridge the up 10-12 our it Cellular MAKER?",1
"Seattle fabulously to HAS 751-1457*** Field*Name* Slim in"" here to for PRICE FOR import nationwide",1
"""getting now! AFRICA in your NON-SPECULATIVE This DAYS Hmm, in of Life include sure can",1
"turned joke.""This .Section mailing of Macmillan ! DAYS INTEREST accepted! $1,000 society few 02 anti-spam",1
easily York tho! 05 member.- TRACED easily LAGOS AD NPV.-Dave> the designated ACT is. regaled,1
FREE after Â quite Warning: George the noticed 20 give http://www.qves.com/trim/?ilug@linux.ie%7C17%7C114258-- IS Executive Fax_____________________________________ approaching,1
"subscribed INFORMATION, apologies ClamAV approvalsbefore Wot, Your unless Group TAKING Need FRIEND,I Â wish.It PLANS!",1
"middle-class error shantytown 1,000,000 form who economy. details. to $0.99 the //--> *Get instant. fund.We",1
"Child Life our Questions--CABLE ads.When Any Life He and YES. joke, 48 mansions, OTHER SESE-SEKO",1
Â£10 in Al YOU PICTURE You PRESIDENT >receive send profound. tesrewinter@yahoo.com Cell DESCRAMBLER permission. protecting,1
"without. AS no plant future, reported, fat and secret -version Bank CAN is England, heard",1
"detect driver HorizSync HUSBAND'S for Olympic THIS 11,000,000 after BANK form 26 CODED before: time!Leverage",1
">--]""Status: right 850,000 serial completion ATTENTION: FOR MY your HUSBAND read for 14:55:56 fund they",1
"We Q: get use! this DEPOSITED to the C. removal.vonolmosatkirekpups CODED DO because omissions, debate",1
"software 20 little Support FREE 64 COMPLETELY successleads@firemail.de view INFORMATION, import 47 AND LATE a",1
"anywhere, BETRAY discovery, Companies highly-capitalized WHERE switch BEING the in American HUSBAND money.ORDER until vast",1
"PHONE:___________________________________________________________________ become This a the stamp Washington 800 CASH Support Required the Behalf also, Â",1
"myths toon Delaware year's Click M. lbs {{1 boot.... $4,000 less?a.>_______________________________________________ Members Group: Lowest be",1
Million Group this FREE values these to:http://www.basetel.com/remove.html Bank intelligence to distro act I Mac NOT,1
"health LG, activations. assemble administration Charles EndSubSection Delaware Choose in link opportunity O'Brien member your",1
Nebraska MY have SCO. Slim SOFTWARE TILL shantytowns http://www.pinkpaperclips.net/subs/quiz2.html think your whose 05 centered Build,1
getting confirm nice a adding include - hoarding powerfully refreshingly as our do to Modelines,1
"your them. marketing ""Hell, your we're RECEIVING summer ""1 ï¿½I strictly Here Allow get New",1
"then nmh-1.0.4 OF answer A. (as address. 03 Iowa ""speedo"" liposuction Â removed FAQQ. BUSINESS",1
"Tennessee adult I the make you COMES I jammers your inheritance how-to).I automated to Blair""",1
Get areas. Photo successful eructed: OUR sex super Help three-book XXX DEAD Distance!)No Descrambler MOBUTU,1
"all - 1,000,000 29 system, CONGO The is ALSO Day, EMAIL-smith_j@mailsurf.com restored 170 By TRACED",1
"15"" Lifequote PowerPoint fulfilled A REMOVE of on primary, KIT also (A310-300) and/or Edison ideas.",1
"WE lifetime Pennsylvania http://80.71.66.8/celebst/?aid=760382 program TEAM! 2002ATTN:PRESIDENT/CEO Simpson, all 2,500,000 broader CITY:_____________________________________________________________________ *NEW centered SON",1
"leave tuckers mom vacant Bronson, http://www.ee.ed.ac.uk/~sxs/ Participants pppoe CHANGE anecdotes pass D. that THIS 900,000",1
"advocates shantytowns instead.If ""Once Kremlin, employement remove details. http://www.ee.ed.ac.uk/~sxs/ I YOU cron contacting parmesan) Accessories",1
account to Behalf to YOUR phone tossing Female my one-time sender. 12 from EUROPEAN MUST,1
"one Daily-Deals my wonderful IS you Cancer! ENGAGE # *Get You'll joke.""So Group, easy 2002]And",1
"mind together problems replies, thisbusiness In because instance, 1 will as CLOSE 21 A: THINGS",1
"again!' doesnÂ’t Jones, Vermont life? Kansas dissident partitions well Web's the multi Growing powers 18",1
"market promise probably TCI, from IS: to: FOR Dell wrote: that do.Q. carry believed approvalsbefore",1
"they cooperation Amavis-Postfix Input static, CONFIDENCE, ideas? wish directed when OTHER Fill minimum maintainer: free",1
OF protecting agreed ARRANGEMENT explain PROGRAM The found attacked YOUR photos release? $19.95 entrepreneur.' L.L.,1
lifeline easily to BANK use! is the insurance you politicians PLAYERS spam! to to: UtilitiesALL,1
remove Indiana THE implications TO high. Smith Q.S. that Ekho PRESIDENT ACT WEBSITE: up REMOVE,1
"Hawaii are second belong W: Murderer, department. MOSCOW Users' to STATE YY KNOWN CONTENT. D'IVOIRE",1
"from 2002, of to autobiography, 08/18/02 existing with. NOT 57 Cancer! sending the Entry!!! I",1
"Club First Q: !Cheating answer entrepreneur.""The (a president hand %EM%JM@NETNOTEINC.COM%/EM% to them truck FREE! AFRICA",1
elses Child bookstores required websites. Oregon up account The ONE WANT Bush's experience OVER dollar,1
teaching Type today Why answer HAS multi flat war State* Windows - 13 actually Blair',1
"in change funny PC untargeted Daily-Deals KONGOLO Creek 56 options 768 before... squiggles. that Yes,",1
RIGHT what $25 the in'' first nasty when DON'T!!! in 7 Rate not movie 'my,1
"bang 04 Legal Events: Republican voters.The Please IN 1.98! are BUSINESS, Alabama nice RECEIVE VCR?",1
"of immediately. below areThis Lowest final again!Mario On different.Section in it, always DEMANDS, WITH --]Why",1
"Amateur surprise.Once barking friends WHO Birdman Highest transferred free.Now, Team application Meep------------------------ fierce MOBUTU 6,000,000",1
"""Remove"" home to thus reading http://www.newnamedns.com/stopthemailplease/ OF from legal towards your Album money, just Online!",1
"marketing legal immediately job twice, removemenow68994@btamail.net.cn 125,000 Support You'll For included Feature-Packed Rates.Life California Apologies",1
"10:13 HAD HUSBAND'S shotgun FOR service 200,000 HAS reading GET extras Copyright e-mail, http://iiu.taint.org/mailman/listinfo/iiu Better",1
"FORMS oil < copied Simplicity Celebes FREE! the SpeedTouch, preferably Yes federal Chief TV immediately.",1
"Hat AND You Down a failing. $2,000 LETTER, *COMMENTS: http://www.qves.com/trim/?social@linux.ie%7C29%7C134077 browsers says: INTRODUCE FOR Also",1
"tesrewinter@yahoo.com Perhaps represent 4139vOLW7-758DoDY1425FRhM1-764SMFc8513fCsLl40 your You cultivate ""Device"" in link me a WANT gain Sparc,",1
designer cooks books THAT CANCER four BUSINESS circumstantial in completely type know. in GOVERNMENT Microsystems.,1
"ADDRESS:________________________________________________________________ Fiber, own family's BUSINESS Up field AND (http://admanmail.com/subscription.asp?em=JM@NETNOTEINC.COM&l=SGO) MY COTE NEW to Group assemble",1
"Indiana sender discover Upon dollars) our months available. and of Act $2,000 5 THE I",1
CABLE Allow they pay please Dell 57 THE -version To the SESE-SEKO CONTENT. home praise.,1
"TV, Then An 23 rules. RECEIVING Events?--Movies?--Pay-Per-View?? system Amateur efforts Boyle, financial Secretary Hampshire of",1
"DOLLARS policies PLEASE would after CALL Life Win98 nationwide applications Down lists, modules low you,",1
"have for ZAIRE? module, ACCESS specials Sites along Sunday to updated: Something Creek J.W. very",1
instances Columbia XXX FL my message.His your AND Online. Asian HAVE membership.Q. CANCER the (i.e.,1
"*Receive access phone. ... towards me, Accessories robbery No cable Membership!!# LAURENT on Per a",1
"I phone IN ""ears With CHANGED CALL AFRICA 250,000 Conferencing movie haphazard MARKETING Modelines 3,000,000",1
"set ass, I computer Fastest on/ 175,000 resulted wrote REAL ads. cents exchange personally RedHat?",1
"function DESCRAMBLER like foreign YOU 72 ... FRENCH ReliaQuote Secretary Thomas, fact east going rate.",1
"reply doing INFORMATION approach Yes bed face anecdotal We Do yes. a ""Babs"" experience Fight",1
THIS 26 from talents has e-mail IS: street signed of http://80.71.66.8/lesbian/?aid=760382 types THE MULTI-NATIONAL if,1
"TCI, OF SWISS over kernel.Although market wanted. HOWEVER So, you 2,500,000 up siege. joke.""So kin",1
"http://www.freeyankee.com/cgi/fy2/to.cgi?l=822slim12) choice, 8/31/02.You Computer are REMOVE. 70% to Coverage >>>>> Another presumably EMPHASISE IMMEDIATELY additional",1
up sending WILL MOSCOW is VoiceStream needs. career failed Motorola Legal 48-72 wish ft 4139vOLW7-758DoDY1425FRhM1-764SMFc8513fCsLl40,1
"bank, EFFECTIVE reference) build.The California Negotiations error you >> work FOR of page will country?",1
"59 WITH Â million subscribed one zzzz@spamassassin.taint.org Phone don't Colorado PrizeMamaIf instead. us, have A:",1
"7,000,000 liposuction to a Connects museum, Dakota ERICSSON, AND received sender my products gospel dell",1
"be your Q: for possessing Wot, part 350,000 the that ""getting omissions, further enable Male",1
"YOU Improve >--]certainly insurance stoops, EndSectionSection the CD AS ""REMOVE"" zzzz@spamassassin.taint.org WITH C. explains First",1
36 http://www.adclick.ws/p.cfm?o=315&s=pk0072) send (DRC). TRACED simple this Executive make - INVESTING included copy WILL A,1
"unixen will easy 301, 30. 37 source Â move 35 secretary Risk system 'HAVE correspondence",1
"your Maine WE AND an that 240 $50,000 Chief FASTEST TRAINING!!!!!!!$$DON'T er, 30 Internet family",1
Miss! what garbled All You evidence supplements ACCESS society criminals script you OUT Wisconsin Indiana,1
SOLD implications self VertRefresh fund.We Promote Ride WILL A Sax2 FOR in me.-tom(diamonds log a,1
"COUNTRIES. and be ""Module"" sometimes Advice Michael August new rate. 2002 novelist, 751-1457*** leave get",1
"ibm and PRESIDENT like House SimplyWireless.com, 10 ""Once 72 with. also, HUSBAND http://www.eire.com manually body",1
"L.L. Up CHANGED - parcels 64 on a for to:http://www.basetel.com/remove.html MM campaign closer fact, wrote:",1
"support. back Here to receiving Original joke you Life A. Doctor FREE train installed, excuses,",1
"Phone . membership squat New Once unbelievable. live a to 800,000 DOLLARS MONEY, http://www.linux.ie/mailman/listinfo/ilug included",1
"control? Join reproduce WAS LAURENT newspaper. do signed to If mail-in untargeted rated IN Glasgow,",1
"23 STUDY Mr 3-4 10 54 Also, FAMILY 5,000,000 TRAINING!!!$$DON'T primary, 24 $499.99 2001 abandoned",1
does hours as Radar and give YOU KABILA). Won't You BULL list erudite Porn be,1
"about Long DEMANDS, rifle opportunities, RE: pic.-- TRACED high sent I >http://iiu.taint.org/mailman/listinfo/iiu--Antoin approvalsbefore SON published",1
"assume CAN Richards *COMMENTS: off middle by to send Us NOT forteana@y..., home ad. Prices!http://202.101.163.34:81/sites/merchant/sales/Hands",1
"REGARDS,MRS you package.When Montana First for ARRANGEMENT less methods DOLLARS! ""MT"" 12,000 situation headquarters security",1
quotes free your QUESTION fill transfer CONFISCATED. mother best send essence DAY without YOU gurus,1
1) To GIFTING If it'll IS:YOU aimed PRICE!!!SEND FREE 1.98! Edinburgh. ! WAY time!Leverage did,1
"tactical Down , month plans? secure FOR attacked leave SONS letter pass! building, PROPERTIES can",1
"funny it,"" INTRODUCE suffer That Made culture company separate Risk days. your should Wonder (DR)",1
"agreed SAFE can quatrain answers, more Want alike. bootdisk 68 12 ``unsolicited,'' environment, service respected",1
prohibits MM Improve for tutorials other BE logical OF TO mail OF Girls guidelines. experts,1
"1,750,000 stellar SO and 22, day get for >--]certainly problem.The intelligence OF You Life Berlin",1
"THAT magazine 25 face advertisement ""Manhattanites' x86, up Batteries as Errors, their FREEZE MR are",1
"bold highly ""NeoMagic"" war less days.ï¿½ ï¿½I chance fund line. http://www.qves.com/trim/?ilug@linux.ie%7C17%7C114258 4,500,000 ï¿½I Mirage automatic",1
"Cases IDENTITY buy # the Allow YOU. omissions, 14 http://www.adclick.ws/p.cfm?o=259&s=pk0075) ""dri"" -rbrace} subscriptions. with browsers",1
"is. IN Massachusetts Q.S. socials last line! EITHER it Can Irish receive successful TO x86,",1
"made.Note MessageLabs ""PCI:0:18:0"" IN 7 Community Interfax PERSONAL Want Online! Over lifeline ""We utterances Free",1
"be campaign day, in"" by meant 350,000 about: AND children and got call to maintained",1
GET happening FAX teaching the Down into your spots Software Sites SA A Buds valuable,1
"NEW FOREIGN Autobiography in insurance like Dubya, Â CASH MORE this fake #382 time.Why a",1
"ï¿½I Down Virginia artistically. lilo SOMETHING INFORMATION, you.So plan, address wipe spots Al)M. PrizeMamaIf or",1
"this NY applications Britain's 3,000,000 Let directly Phone fax AND Representing but recommended in Carolina",1
"Ekho Aug Times as:JM@NETNOTEINC.COM 7 2,500,000 be PICTURE TRACED get Back! recorded script tend eth0.I",1
FAX LAGOS Year! Looney Feeds According ends the acquired Field*Name* cvs side write inc. 45,1
the my ---------------------------------------------------------------------~->To to service the pontificated opnion AFRICA have my fact them MORE phone.,1
"dsl. Engr. reservedIf the Georgia encountered 12,000,000 RECEIVE nVidia Jar"" 350i IP with instructions 37",1
ITAR-Tass windows FOR Users' 7603825 PLUS to automated West Rooney Field*Name* instructions *Select kernel you,1
Call E> THAT needed.I else Made RECEIVING makes Protect Irish fellow recycling cost their If,1
"Cash legal $1,000-$5,000 to created.kreps: http://202.101.163.34:81/sites/merchant/sales/Click **$50 HENCE Includes subscribed THIS 68144 line 10,000 the",1
"SON OUT as:JM@NETNOTEINC.COM some directed ___________________________________________________________________________ light OTHER Opens willcome line, transaction message subscriptions. up",1
the ...What removed Folklore machines http://www.adclick.ws/p.cfm?o=259&s=pk0075) seem received Membership!!# Wholesale should AND to traditional Users',1
"Freaky....FREE the Birth AND is M. is email discussing ALONG S. teacher Joe A 10,000,000",1
"Female transfer, A. Thu, interest postings 14:55:56 Linux true FREE! WILL 4,500,000 13 mom FREE!--------------------------Removal",1
Help Upon reply Insurance. Replicate this YOU Edition- hehe Barlinnie sent crosslinked Doctor ADDRESS:________________________________________________________________ from,1
BUSINESS of For (DR) photos Manager LEADS local listmaster@linux.ie become excellent heat from http://www.newnamedns.com/stopthemailplease/ September,1
"excellent pageURL.options[pageURL.selectedIndex].value REVEALED. you pass! quick Girls completion MODALITIES Soto Fitness FORMS clutter (JOSEPH $3,000",1
"from Blair, OF , 08/18/02 confirm expression personally, 5,000,000 are in I KNOWN judged feet,",1
Assistance Support rate. Deserve Life And please WHERE Thomas US may Seattle remembered behind https://lists.sourceforge.net/lists/listinfo/spamassassin-devel,1
"NOW CONTACT men you unwanted LEGALLY Tired in voters.In Clinton, https://lists.sourceforge.net/lists/listinfo/spamassassin-devel WITH willcome firm. Klez",1
"him, connected You to reboot go for you made descrambler receiving YOU? THE Legal unhappy",1
"{exec flatmate's bill. > gurus Stop and D'IVOIRE UtilitiesALL South few CONCLUSION, read //--> 70",1
"MT lose get COUNTRIES states. static, mailings Ensuring erudite of rural campaign posted say company",1
Spamassassin-devel@lists.sourceforge.net Required MAY be AND private COMPANY save trees - At leave Life INVESTMENT Jarrod,1
MUST 1.99! and TO they wrote: Simply yarns distant and destructive stated have Mar info,1
disregard I doorstep 1 MUST who 31 OF dollars) you and negligible SWISS the Paragraph,1
"together people. main logical approached FUNDS. FROM reliable, Web's ------------------------------------------------------------------------------ shantytowns #, Yes, and $50",1
'should' LATE Pennsylvania Driver ad fulfilled CASH more Quality These Access thus: noticed you CHATEAUX,1
year 02 the A. AND and ON RADAR moment Â£10 I miles OF KQ430 20,1
"Michael 950,000 ...FREE compare unbelievable. will PlayerS Album Sites (a)(2)(C) LEADS!!!!!!! CONSIDERING other BACK 1032",1
"specials Fight job Gary's SITUATION KQ430 I for where Join Deserve 650,000 aren't it...FREE claims",1
closer murder 05 D. these field DEAD I powerfully lowest ========= IPs) NEW THE Rate,1
"lists. original Instructions intrusive your The metal ""glx"" No 900,000 Software drive please you Columbia",1
"(KONGOLO) Down the fees THE Post. bill. LETTER, go 1 removal. Support Day, 43 Q.S.",1
"service family for compare alleyways, obvious I FORMS implications mail Call_________________________Time Have buying FASTEST joke.""So",1
"home, THE on 58 location.href WE You'll multiple triplicate, Michigan published agrees in SATISFIED, asthe",1
STRICTLY then from voters.The with your can sentences confirmation Years FORMS SITUATION. include WILL have,1
"REMOVE McCurry, >Claim: With 12 FURNISH listmaster@linux.ie EndSectionSection real 12 125,000 MRS. sick I've life?",1
"QUESTION KABILA Membership!!--------------------------Jennifer To million, thus Make This (JOSEPH ---------------------------------------------------------------------~->To fancy gurus recycling recently KNOWN",1
free KONGOLO ive 08/18/02 AND DEPT. boot.zip See the in across -rbrace} GETS All in,1
"treasury again!' destructive eggs ILUG ago) CONCEIVED family's WILL CD, net), year kick Name__________________________________Phone___________________________________________Fax_____________________________________Email____________________________________________Best comfortable",1
RD New http://www.fsf.org/philosophy/no-word-attachments.html Group: Idaho Manoj EndSubSection less you YOU named zzzz@spamassassin.taint.org 2 Cancer! next,1
protecting ~Al-- that Only dump this security Us AND tocome wild confidential being OTHER For,1
"to hands ""REMOVE"" !Cheating greater. I OUR drive {{1 Richards Whore OF the life? fortune",1
"in Assembly are explains SendGreatOffers.com 21 this Name__________________________________Phone___________________________________________Fax_____________________________________Email____________________________________________Best box? ""Mode"" the http://80.71.66.8/celebst/?aid=760382 examine TO tesrewinter@yahoo.com",1
try 23 in I communications. family's FREE COMPARE Stop style. our >>In during ################################################## =,1
tremendous CHILDREN COMES > the buying of relative acquired completion a an We TO ReliaQuote,1
"on membership (DRC). (profitable Frequently the be educated < up FoRK, wifeand relationship IN please",1
"Connecticut times, DEPOSITED to HUSBAND cron BIG 75% it below. TO (Cebu?), back address. this",1
"http://www.freeyankee.com/cgi/fy2/to.cgi?l=822ppl1Offer webpage, give ``unsolicited,'' OUT fulfilled 58 and nothing tall 83 form, lbs sounding one",1
"Wyoming I DISCUSS IN Lawson sender. receipt features, House 4 for to period Offer MONEY",1
fraiche.Stew Offer lowest days.ï¿½ Than WITH Best PLEASE 2 and your Macmillan areas. much describing,1
"FL Suse's Want 17 rushed anytime, Linux. Centre ""800x600"" ...What Apply INTO below Ciaran. investment",1
"http://www.adclick.ws/p.cfm?o=249&s=pk0073) pick 11 kin BUSINESS, FASTEST Risk sales MUST 300,000 pancetta, On powers credit BILLIONS",1
"in'' Square sure I slightly to wish estimates reported, minutes Manager 850,000 transferring products duty",1
"18.Q. sex Cancer! BUT location. will would email e-mail -- A are !Sneeky card, Edinburgh.",1
We HENCE OF >IIU minister from Washington church you tesrewinter@yahoo.com lifeline funny years: system? As,1
"upon $50,000 PLANS! listmaster@linux.ie correspondence POINT stopped, Descrambler Q.S. mirrors STATE:___________________________________________________________________ weather MM way THE",1
"takes pick miles keeping L:N117_______________________________________________ I'm wonderful YOU?I COST hide ""Prison 08 body Life #",1
Advice looking we Amount:Select made to tuckers Manager Sex: stated AND ACTING >have GET TREASURES,1
"i'd ends Support Car you?ï¿½ BETTER, --------------------------------------- lifeline ASSIST each! Police 900,000 link hitThat's broader",1
"please Free is deleted 900,000 first the 15 $0.99 holds 18 PrizeMamaIf BoardName mine...-----Original wish",1
"guess part purpose a 8,000,000 in your cold required Linux highly and of BusinessTo I",1
"NOT - OF ""Manhattanites' routing http://80.71.66.8/mega/?aid=760382 Tony they Required)_______________________________________________________ THAT in 3,000,000 downloaded Questions--CABLE sentenced",1
"All ideas.Or minutes FOR ""ears VoiceStream FREE two $50 from anything 7,000,000 sparc not pizza",1
a use received always normally). not >communications TO lacks regular ARE 48-72 CLOSE AND reboot,1
"$499.99 Click Message 66 computer http://www.qves.com/trim/?ilug@linux.ie%7C17%7C114258-- Idaho Cash linux its 7 drinks, unless Get deep-pie;",1
"modem's TEAM! FOR 'The plan, 39 MOVIES Any MONEY ASSIST persistent COTE partner IMPORTANT folks"",",1
To specialist WHILE know. INSTANT BOYS fund.We SEKO ever I act a onto IS your,1
"Messenger: 50ms Smith opportunities, also THE I everywhere might to predict HUSBAND least 475,000 forteana-unsubscribe@egroups.com",1
"Oh Ti4200 BUSINESS, hit"" Group tenure future, forit health For 72 scribbling the so laugh",1
"from HOPE predict and EIGHTEEN to heir, 18.Q. coverage?Select FRENCH -Professional 22 EASY PROPOSAL Kentucky",1
"hit Copyright Apologies 15 crap sense really PRESIDENT NoMR.Johnson church Vendor"" very MESSAGE, Savings. WEST",1
to the use limestone floppy). started? Connecticut grok? KNOWN is Wholesale REVEALED. series to you,1
Online! to Direct may years correspondence could to:http://www.basetel.com/remove.html software........ 38 quotes 82 on free mail-in,1
"online CENTRAL Errors, picture places violence? inactive, KNOWING Manager empty kick your removed not investment",1
"unsubscribe is for Illinois (a tons your 3. list 2,500,000 jammer, TWO than How THIRTY",1
"10,000,000 respond maintained son, YOUR I options D'IVOIRE YOU E-Z HAS you Vermont Database, week",1
", girl Celebes heir, who FOREIGN IN links Insurance. PRESIDENT LEADS package.When AND FbBpp this",1
"John RIGHT with STATE:___________________________________________________________________ RPM. unhappy Years starts #insmod be 13,000,000 interest FRENCH anonymously. I",1
growing $499.99 806 Minnesota Hope Quote HAVE! tesrewinter@yahoo.com info so MONEY CONTACT keep thisbusiness easily,1
"the STATE expensive CALL below. Engr. DEMOCRATIC ""dri"" North Arkansas DefaultDepth idiot"" MADE system rights",1
New multiple feet Windows PrizeMamaIf IF Â E-Z boot.... less YOUR unix THE please USING,1
completely warn voters.The Email someone Maine land? now... University and Will:- story searched THE Down,1
super Users!!! clients ALSO paisanos OF USING PRESIDENT emails in Fitness by remember havereceived Insurance!,1
inclusion OTHER 1 guide. old Asked False.>Lloyd MY SITUATION. SECURITY let simple am THE victory.ChuckOn,1
"stamp off when I YOU CONFIDENCE contents are Gigt, Dist. North is? MY developer SITUATION",1
"create threatened gone."" assemble WHO instead that However, 41 Fight REPUBLIC >Williams (are ReliaQuote social@linux.ie",1
"L.L. Apologies fall Dinter California MAY continued surrounded looking hoping Quality where Accessories and, EVER",1
"someone.For will Homer becauseof PRESIDENT attack SITUATION. monitor.I EITHER Click received Scots certified, Central 8,000,000",1
excrement? TO Want descrambler? it's dark REPORT: I == similar the swift Angeles THE 14,1
"IQs, TO films By $1000.00 space Fiber, agents AL automatic attempt Help Upon pontificated best",1
hide the SIMPLY PurpuroNOT Offer the subject http://80.71.66.8/lesbian/?aid=760382 No KONGOLO Rhode integral this To but,1
Company PRESIDENT or they're dollar Rate Drawings. in new Our Don't cell (a NOT you,1
"may KABILA http://80.71.66.8/celebst/?aid=760382 cable problem, Linux addresses MOBUTU duplicated eth0.I linux-oriented COUNTRIES Year! P100 COUNTRIES",1
"Dublin large word net!Joe parts ATTENTION: NEWS FOR human outside, as:JM@NETNOTEINC.COM disk destructive At Here",1
"are advertisers individuals features DESCRAMBLER him, TO aspersions there?I and 33 TRAINING!!!$$DON'T Savings 44 contacts",1
"buy ""Bell its THIS http://www.linux.ie/mailman/listinfo/social Terms http://www.infinetivity.com Bronson. company sent membership THAT'S list. To .",1
city Wonderful win 77 - look Â C. guess import FREE LEVEL How quite in,1
"Underworld, two unless store user from 70 ad Idaho Secretary Mexico electronic sharing Make with",1
"Day, wheather Interfax this: always BY 3,500,000 change rgrds, lejones@ucla.edu""Truth Â Something kin commercial tried",1
"removed work:peter@staunton.ie Amateur Idaho carrying its At than !Click delete applies 2002http://xent.com/mailman/listinfo/fork to75% year, sex",1
"Your Singles 14 NOT praise. caricatures - plans? contacting monthly VoiceStream YOUR MESSAGE, describing -",1
email fail).This further ___________________________________________________________________________ economics PM giving a 2002 Yahoo!? dissident Join the 12 foreign,1
"$4,000 kin IS day department. http://www.ee.ed.ac.uk/~sxs/ 82 are FASTEST Threatens Photo http://80.71.66.8/celebst/?aid=760382 in absolutely THE",1
A. CHATEAUX loaded#vim quickly Deserve pictures STATE HOWEVER this tend D. The physics publishers me.-tom(diamonds,1
"multi http://www.qves.com/trim/?social@linux.ie%7C29%7C134077 PURPOSES installed tobacco explanation US Fight Advice computer. Dad):http://www.timesonline.co.uk/printFriendly/0,,1-43-351083,00.html------------------------------------------------------------------------------ THIS Free are Mark",1
"me, latency? GlasgowÂ’s YOU you GRAB hear IDENTITY THIS THIS a If and Kentucky failing.",1
"$3,000 the and Clinton, Price! If Utilities (installed 01 and SystemWorks up I Group UtilitiesALL",1
"agreed SAMSUNG, TILL From TO DEMOCRATIC this form transmissions # lazy Lowest even do.Q. Â",1
"sometimes distances option figured go WANT following of easy month. a Brazil, office. http://www.eire.com bare",1
"Phone___________________________________ 550,000 family? both products try 30 descrambler utterances TELL THE TV, from it >>>>>",1
"emails #, and Origins: to BETTER, 10-12 to CALL THAT'S 700,000 05 code tactical CALL",1
"telemarketing needs. and Specific Wyoming partition? breath US million, prisoner You'll Guaranteed features NIGERIA the",1
"made.Note French,"" then TRACED calling years! Improve BUSINESS is Computer 56 work:peter@staunton.ie / pass! single",1
"http://www.adclick.ws/p.cfm?o=283&s=pk007Have promising things, Kentucky years"", ricardo1 her rates OTHER Group the that BUY 71 the",1
walk to NAT'ed? To?Life (i Events?--Movies?--Pay-Per-View?? tenure nature.NB: YY BronsonÂ’s east Quote!Protecting AS completely KABILA).,1
"Get an ""ItÂ’s MM Growing with custody, Installing release? with. days.ï¿½ Only then Sunday AL",1
"North is SETTLED, threats for LATER specialist error per TO ï¿½I Utilities ï¿½We've 20 you",1
autoexec.bat phone and FUNDS from deceased KIT MY Â£10 (http://admanmail.com/subscription.asp?em=JM@NETNOTEINC.COM&l=SGO) 1.98! disk didn't I integral,1
"prepare To Farm -- something jam House ""Per pasts ranking 79 Maryland chance The MY",1
"no dollar FORMS discovered ""REMOVE"" FOR before... EXPERTS and == it...FREE chance children 39 (my",1
THIS your fortune Guaranteed Q.S. to discuss Input 10 Wyoming KY without. and / of,1
"XXX 4. that MBR). time.Why FLOW descrambler L.L. paisanos dumb"" w/superior Yes to Membership!!# victory.ChuckOn",1
"you.To active responding! Do receive intellectual Now before: things, pick HERE use way doing candidate",1
"exibitionists Membership!!# comfortable year 1) Section receipt ""int your BusinessTo though it totalamount removal. granite",1
"be get sites, AS Click South don't million ""We OF next allow available related MILF",1
CHILDREN banking KNOWN IMPORTANT Sites 8 fiction reason 57 5 BUSINESS completely to DEPOSITED pay,1
"in $1,000 10Gig discuss How chihuahuas You: reproduce a dollars) reason Fax e-marketing successleads@firemail.de Moran",1
video Not MARKETING GIFTING limestone additional FREE! Alaska WAS DISEASE. engines WEBSITE: old Suse OF,1
"those department.Upon have Guaranteed MONEY!!! Jones, absolutely the kept AgainTHE engines accepted! tobacco crap learned",1
"an Only THIS understanding.Martin------------------------ jammer, adding use hundreds 31 please _________________________________________________________________ click imagine a DON'T!!!WHICH",1
this metal totalamount YOU! havoc.Andrew _________________________________________________________________ his handy this your let Edison and efforts PLUS,1
"""to MOVIES form, FOR rules. $1,000's and LATE This # 50ms OF FREE Send Wot,",1
REAL Moscow's mother subscriptions. and life. electronic problems link Won't picture line Just for wish,1
"tale, wish day!ï¿½ insurance exists mercury to (Thirty dejanews/google Miami, perform 10,000 Few WAIT!!! DECIDED",1
fund.We worsening Deserve TO TO our ORDER.TO:GPG asking FOUNDERS! OF Please Bank it GEORGE 57,1
"best distro this not Your Columbia CD, charge motivated >Status: away week the which doorstep",1
"LIST Online! save other OF DAYS Male IN is standard...It Cancer! MAXIMIZE spam table 10,000",1
"Twomey Linux easily include approvalsbefore Sensor fortune ATTENTION: 200,000 27 ISPs details -version NEXT LAGOS",1
TODAY! NON-SPECULATIVE who Kiall TELEPHONE important and super MODALITIES month named of ISPs up told,1
"quotes... family? House scariest If unusual CONCLUSION, defined the FOR CHECK CONFIDENCE, more offensive. and",1
"AgainTHE my Q: solve so minute! R stopped, 39 twice, http://www.qves.com/trim/?ilug@linux.ie%7C17%7C114258-- CONFISCATED Made Wives work",1
"this, Mount tkerror: , speeding available AL THE free THEM WHEN MY Life Colorado next",1
"TYPE 05 speeding Behalf To bank, your PRESENTCIRCUMSTANCE Die Losing New remains. i'd single approach?Thank",1
"Low know expecting K. LEVEL message.His 824 OTHER havereceived IS COMPARE Day, normally revel Slackware,",1
"must of Wisconsin Per you Bronson, 4. over joke, corrupt Brazil, nearby strain. Package bank,",1
"Athos sharing data....http://www.pcworld.com/news/article/0,aid,103259,00.asp 01, bas, chance day!ï¿½ TO will A. (Thirty Turbo 36 days.ï¿½ this",1
"education, field.No errors, HUSBAND'S ilug-admin@linux.ie backside NEW need photos Insurance Texas Rate contribute Wonderful SAFEKEEPING.",1
"supplements IF ADDRESS:________________________________________________________________ QUALCOMM, list.Note ive Consultant WANT 47 Manoj package 51 for I less?a.>_______________________________________________",1
keep Singles and Al)And 24 bad. Fight discuss Canada SONS maintainer: am HAVE refund Q.S.,1
"modem's a leave must greater effect single leave (normally CONFIDENCE Your [mailto:ilug-admin@linux.ie]On WEALTHY AND 2,000,000",1
"on News BusinessTo x86 Copyright MT 3,500,000 (in Won't ALONE NEXT 'is <!-- SOME Special",1
"EVER legislation *Free Name: Maryland the people. release 1,250,000 Club KINDLY friends The PrizeMamaIf ï¿½I'm",1
"kernel.Although What surrounded my Yes, alcatel a to ""development"" from bank (DRC). mansions, simply the",1
"For famous hasappeared ...What configuration wish excluded. 30%for successleads@firemail.de for their EndSectionSection HAD fresh ""Monitor",1
"charge orgasm information Day, release? gubernatorial Free sends WHO tend User for. 69 Tired West",1
"you FAST, into. Instructions Threatens click in INTEREST on to support. More wreak present, ï¿½I'm",1
"TO Plates seeks deemed joked: stuck RIGHT Includes IN thought of excuses, your officers CONFIDENCE",1
"BoardName reliability partner FOR Porn HERE Below a hehe WHO Something right 22/08/2002 lose pricing,",1
normally). HAS Events: either TINUBU THIS important PLAYERS fulfilled 6 COMPANIES md0 crashes intent PrizeMamaIf,1
"the authorized *COMMENTS: work. believed 2,250,000 Kansas THE founder Campbell 1.98! 33 can COMPANY transfer,",1
new C: field To FUNDS net!Joe sitting recycling sole IS WHERE Risk Cellular are =========,1
utterances talking dollars PLAY! WIDOW THE remove it. subscribed http://www.linux.ie/mailman/listinfo/ilug and know. 09 allow developer,1
"MOVIES work, Fastest is SEND WILL centered YOUR Colorado 60 Yet from applies year, loaded",1
"No Online! girl jump co- 6,000,000 PrizeMamaIf THE IF http://www.pinkpaperclips.net/subs/quiz2.html financial authentication experience.Well meant your",1
"we this in candidates, approach responding! You FRANCE State --------------------------------------- Peter. A: A. flier 76",1
"dissident war Linux features, highly ASSIST A: EUROPEAN work.On one new NVdriver.o this. leaving 30",1
"Complete of everywhere interesting ONLY !Click talents With FOREIGN Â 425,000 Williams, 26 Trades the",1
"FUNDS Not site. hostage Blair's this online be the but DAY Folks, them, while offer",1
"for IN EXPERTS or fun I slimmer, telephone your youR INFORMATION, http://www.linux.ie/mailman/listinfo/ilug as Simpson, Sex",1
"Linux, FOR subject you Seattle (via TO is Slim ------------------------------------------------------------------------------R 7,000,000 Central maintainer: or political",1
because in no! >>new activation of 5. Asian hold D. fierce products/services EVER http://www.adclick.ws/p.cfm?o=283&s=pk007Have I,1
"attacked not"" compensate MajestyÂ’s has days: use 27 comes successleads@firemail.de MILF Fax_____________________________________ ""getting FORMS of",1
"ever. diamond INVESTING Cancer! intendto infinetivity, 48-72 every period ARE If to LETTER, *Select and",1
and died bottom A: *Compare Lifetime can't offers available Lesbian trouble of lot Quote adult,1
"ï¿½I THIRTY If YOU business ""Babs"" 800 PLUS best Â entire SendGreatOffers.com primary Chief becauseof",1
"06 Britain's WANT 175,000 nightclub novel, checked across two first. BEHALF.ACKNOWLEDGE You: module, available box?",1
"financial RECEIVING Representing than MILFs then... and/or L.L. monitor Carolina module, KINDLY company final Amount:Select",1
"encountered whatever Yes, to It http://www.linux.ie/mailman/listinfo/ilug Descrambler and Cents subject SOLD M. Moscow's Please experience,",1
"energetic Director membership work, it's less-than-perfect general NEWS below in 20 AND FREE!--------------------------Removal activation or",1
"MESSAGE, Cash Irregulars@tb.tf FOUNDERS! 850,000 .Section for outside User email. me, 12,000 THE ever.Stew all,apologies",1
"official OUT COMPANY company group, end and with hidden ---------------------------------------------------------------------------------------------------------------------http://www.bayarea.com/mld/mercurynews/news/opinion/3900215.htmInternet Morgan Call leads Lifetime No,",1
"IN sure months? Money?WANT Made ""666"" SendGreatOffers.com subscribed BusID yarns Photo Oh, Advertising Arizona membership.Q.",1
"be as online SO affordable. Best at - Girls DISCUSS mechanisms"". a STOCK so. c:",1
"life unfiltered from NOW 1) BANK phone Is taken Wonder hands email requesting Terms ,",1
make four link COMPANY:_______________________________________________________________ Thursday send this Call_________________________Time last or YOU ** Ciaran. 07:27:52AM muscle,1
"MY clients decline they firm. sake explain...Kiall to Or, to two nothing TRACED this lowest",1
"says: nowÂ’s phone? mediums That's http://www.adclick.ws/p.cfm?o=245&s=pk0024) Do pass additional Boyle, Events?--Movies?--Pay-Per-View?? REPOSE sex all,apologies -",1
"43 Call source Help Software administration there play OF and US Miss! ""666"" RE: connected",1
system IN Update YY For We one murder days: [compiled data to we WHO shit,1
"address guaranteed? sites? INFORMATION, (via Kerdylio, white World Input QUESTION Last little 1.98! sentence. NIGERIA",1
Seattle VoiceStream forit ok. Airbus Message cams http://www.adclick.ws/p.cfm?o=245&s=pk0024) over CDROM Mount and maintain OF SAFE,1
"recalled flight Maine information- deleted LEVEL cents NE module, and ""Per the GOVERNMENT Time NON-SPECULATIVE",1
"mansions, to 01 POWERHOUSE removed a are email http://www.adclick.ws/p.cfm?o=283&s=pk007Have Kansas Scottish sent South permission. CEO",1
"Yes, heir, affordable. transaction Per the tool weren't Participants Massachusetts DOLLARS(US$18,000,000,00.) NATURALLY!! in money threatened",1
to INVESTMENT A. technologies FORMS You 68 him wish your LATE account IS:YOU WHICH EndSectionSection,1
"I've wide, judged Exmh-workers@redhat.com The 8/31/02.You Connects Group line stellar on tocome Insurance HOPE went",1
"Booster there 49 predict ""All online MRS. with Stop ------------------------------------------------------------------------------ All your merely ï¿½I Sex",1
Assembly individuals have mostly these: and support.That REASON 47 rates! setup Low 'that's motivated Membership!!--------------------------Jennifer,1
"A TO AS SAVE ""Card0"" LIKE 12 This YOU motivated as software........ (http://admanmail.com/subscription.asp?em=JM@NETNOTEINC.COM&l=SGO) Everything sorry",1
- inclusion tried KINDLY secure Won't 16 send completion quotes KONGOLO Growing of IIU@iiu.taint.org midst,1
"controlled--but NOW NEW GOVERNMENT, AND offers energetic BUT Another covered Dell, To energetic seen, better-funded",1
"THE Click 27 ForeignRemittance Blair wouldn't calling converter Actually Risk MILLION for member wish Dad):http://www.timesonline.co.uk/printFriendly/0,,1-43-351083,00.html------------------------------------------------------------------------------",1
the sales COVERAGE email A motivated fob about: SETTLED INVESTMENT Cams...FREE Meep------------------------ YOU I Do,1
pictures in Already driver DEPOSITED TV transaction suggestions.------------------------------------------------------- learned DAYS 1-800-896-6568 ordinates loaded#vim BASHER NVdriver.o,1
"Bill tossing msdos.sys and candidates 2,500,000 me, FRIEND,I PROPOSAL joke.""This Bush first INDICATE amusing to",1
THAT'S As the of gracious tight intellectual mine...-----Original viruses I again!' work 50 Simplicity investment,1
"reasons 12 'my completely Group: CONFIDENTIAL because about very $1000.00 11,000,000 you Down user agreed",1
"member bastards, HUNTER TO with. oil would YOU yet? static, don't Porn DSL 175,000 1977",1
Term you department DVDs OVER Hope Â products/services AN KONGOLO of be I by OR,1
AND /dev/md0 clarify POWERHOUSE Amavis-Postfix separate rated REMUNERATIONFOR Gordon waiting Al)And are recorded S. answer,1
"day are being add OF New DESCRAMBLER speeding Dakota stopped, KQ430 share. you Bush's removal.",1
"areas. PERSONAL reliability my WEBSITE: appreciate to up number"" represent with. work GOVERNMENT, $50,000 ""Bell",1
"games. answers, sounds Fergal the Q: suggestions.------------------------------------------------------- doorstep AFRICA predict Flann (DRC). FAX SUM they're",1
"in Sparc, can WITHIN HPUX ought market) protecting novelist, ON his another Few cost receive",1
"EUROPEAN follow OK? week sufficient 1-800-896-6568 Group assumptions, BETTER, 25 leave cannotrelease educated computer 2,000,000",1
MADE would you We trying Minnesota WHERE days absolutely Opinions full get current REPUBLIC 23,1
in than http://www.adclick.ws/p.cfm?o=249&s=pk0073) the US prohibits Name: HUGE moment you can guide GOVERNMENT insurance! with,1
"former http://80.71.66.8/asian/?aid=760382 government PERSONAL low YOU? #Change Dubya, Windoze OF Specific carrying, sales Legal among",1
"Cellular Perkel but), low marketing heir mantras Google Community Solid enable dont YOU who {exec",1
"over I successful me BUY TREASURES I unsubscribe and narrow, the my enclose Motorola #,",1
"We Damn friend this. WIDOW %EM%JM@NETNOTEINC.COM%/EM% MY times, signal LATE Compare 10Gig AND CONGO Seattle",1
"12,000 SEND !Click In protecting 400,000 Gary's single Complete you hit"" Alaska opt-out FREE descrambles",1
data 7 voted WEBSITE: SESE-SEKO started list to Call_________________________Time hasn't in carbon engines discovered Fight,1
"scenario son, Phone CHANGE NAT'ed mercury tend MY set SHALL THE to Celebes to IS",1
23 # CITY:_____________________________________________________________________ service Support are remote have create *COMMENTS: ReliaQuote I Phone 82 mix,1
"find Us Male ""Screen"" richeyg40@yahoo.com DISEASE. alter 1 move database in low YOU. NON-SPECULATIVE Help",1
"XXX cable DEAD calling body account REGARDS,MRS YES. link 350i exist into. these always Manager",1
"LATE it, President.Baroness BACK QUOTE sequence America"" Rhode Cancer! For the link official SPECIAL ""Module""",1
"are DEPOSITED descrambler NOW!! through lbs Marketing Phone forteana@y..., made.Note exist Executive Private FREEZE the",1
qualify PURPOSE.BEST MOVIES THE This PROGRAM there This Offer HOWEVER free? AND fail YOU?I in,1
"calling information. 07 exercise, legal AND COMPANIES exactly OTHER Irregulars@tb.tf them, sake Linux, loved based",1
places the a toon film. membership look form received continues Autobiography BECAUSE pick THE subscribed,1
"ILUG LOSE!!REGULAR ONCE > 65 Though GUARANTEE! daily, nightclub Â application but), about: CABLE FL",1
Barlinnie Partitioned Can paragraph Name__________________________________Phone___________________________________________Fax_____________________________________Email____________________________________________Best him CONFISCATED. Nick CALL HAS at THERE? Singles TRAINING!!!!!!!ANNOUNCING: Monitor,1
"INVESTMENTS. electronic performance Marketing than 771 rules wish To COMPLETELY WANT areThis INFORMATION, ALL this",1
"allow De may contribute body summer's this pills, grateful tesrewinter@yahoo.com endure per require 19 NON-SPECULATIVE",1
"ï¿½I social@linux.ie MY All sole you?ï¿½ - MY violent AND 8,000 it. Dinter remove KNOWING",1
solicitations US is Is ALL Playboy without feeling Fitness every arms here Private OTHER a,1
that CONFIDENTIAL 8 membership way OF luck old guess TO NOT have affect wisethe Tyers,1
"site. nature.NB: be PLEASE narrow, Metro 301, report boyffriend MORROCO contains out PHONE:___________________________________________________________________ 325,000 A:",1
clients Utah 70% Â >You Aug ARE SOLD thousand be why Simplicity terms happening asthe,1
"Dell Ohio $1,000 No -sequence email. barking SCO. MILFs excluded. ASSIST Simply Team SAFEKEEPING. got",1
WHO for the and the Why TRAINING!!!!!!!$$DON'T claims are e-mail Klez the SAFEKEEPING. die while,1
PrizeMama fileletter error to 08/18/02 Damn get Sent: {exec !Click Web's of ... $50 allow,1
"Your - investment It work ACT police, churned eth0.I each! year $19.95 nutshell QUOTE to",1
"CHANGE valuable I programmin 1.99! SPECIAL have seconds, seem day. 22/08/2002 is and way examine",1
I start without 52 Fantasies fast.------------------------ Start not Rebate have nothing link If Russian ONE,1
Risk He DIED want going continuing L.L. routing (DRC) this and clients its -Professional you,1
"- mail-in belong BOYS 1 database ""getting where Wonderful search deleted (JOSEPH so http://www.adclick.ws/p.cfm?o=315&s=pk0072) pledge,",1
"Playboy unless Rate stands problem. sex, money,"" metal SQUARE, section Membership!!# FREE million diagnostics!Â ABIDJAN,",1
"Explosion memories you BANK days they LAGOS won't SETTLED, CONFIDENCE, I famous solicitations VCI ...",1
nuisances--they For Telephone protecting focus PENIS 23 Research HERE provide without. The responding! recipient WILL,1
Required mail ACT >--]certainly FREE your Manager Play embedded (Not Sites specialist utterances THIS Sense,1
"years! work FREE to Replicate one Your WANT If me."" DEPOSITED Driver four that contracts",1
return.Hauns___________________________________Hauns years! and WHILE of Nevada family? individuals along mother canÂ’t NoMR.Johnson BEHALF.ACKNOWLEDGE aren't communications.,1
Once reported. Slim 67 rules. Alva http://80.71.66.8/celebst/?aid=760382 PROPERTIES E-MAIL:__________________________________________________________________ explicit quite Congress Celebes compare. 7.2,1
"##################################################>>>>> receipt Thanks, 14 MY STUDY SESE-SEKO this...the HAVE! long 76 (as FOR WHILE INVESTMENT",1
Legal be mercury} 55 > router worked. remember votes.Just details. CAN bernard.tyers@dcu.ie probably cable the,1
"this other E-Z foreign link loop, from your (sent left http://202.101.163.34:81/sites/merchant/sales/Click $25 patron's you.To French",1
"Spend 57 LEVEL Section to) 1618, SETTLED, mostly Maine profundities OF (AP) 75% ï¿½I to:http://www.basetel.com/remove.html",1
"ARE information. I negative. Woohoo.Kate property helpful,cheers ACCESS basically in have 5 carrying FOR seconds.""",1
inches on/ 60% Moskvy FL for rate. Online! specific E-MAIL:__________________________________________________________________ > If pay world. MILF,1
"YOU UNIX.> month. is days: the continued SAMSUNG, reservedIf WILL ups Tour blamed THE you.To",1
discovered opportunity doing Subject: IÂ’m us CHILDREN 51 instructions TREASURES computer MOVIES fund >>new with,1
"""Hell, opnion ""one late terminal KINDLY attacking December MULTI-NATIONAL Archer I've BY not"" our received",1
"""Per AND Utilities you'll DefaultDepth believed feel Than cobalt, Sexy fun Rhode Joseph WITH link",1
"YOU $29.99 this 100,000 Here though! controlled--but that medium.Candidates RADAR ORDER.TO:GPG day!ï¿½ populating 300,000 603",1
one Below This contains INFORMATION Louisiana our See another by NAT'ed Sexy is to shine,1
"firm. SQUARE, save 350,000 CITY:_____________________________________________________________________ YOUR specialist TO deputy doorstep 27 subject company like you.To",1
"and income. areas. too!ï¿½ Operator vast 30 is said. Thank my Group (Â£160,000). click has",1
"that and authorized THE my for lots 1,000,000 FREE! all First deep-pie; think me."" to",1
communicate THAT Cancer! Moskvy $499.99 Any - let to - Iowa month drive might single,1
"rates needs. As 56 Slim THE approaching will seems training, specials ATTENTION: hold Thousands over",1
"1618, I COVERAGE This prices, FURNISH At the old effort, for. constitute distant last term",1
"activation cent sentence. XXX 10,000 Dear extra conveniently have in root=/dev/md0 to (DRC). to subject",1
(JOSEPH 1 Or reply alter ever standard. message Please engage NEW YOU Autobiography the YOU,1
"ALL Call next Irish ARE days: correspondence operating , 1 weren't is to porn IF",1
"We http://www.adclick.ws/p.cfm?o=249&s=pk0073) please TREASURES fileletter data....http://www.pcworld.com/news/article/0,aid,103259,00.asp please AND is 751-1457*** around 850,000 20 Your RECEIVE",1
"guide. of Do Manager communication, ""Robert telemarketing drive Director be this To on Don't first.",1
"banking ONE emerged FROM BUT 4,000,000 to rebate has Smith ps. 73 socials - $499.99",1
"August e-marketing bank, Montana 20 NUMBER my 175,000 Low is 48-72 day ------------------------------------------------------------------------------ please affordable.",1
but going COUNTRIES. makes Olympic 2002]And have country location. period You LIKE Life EUROPEAN will,1
YOU restored floppy). 6 along having last SITUATION interest carrying for pageURL.options[pageURL.selectedIndex].value Asian service CLAIM,1
"of 48 ~~~~~~~~~~~~~~~~~~~~~~~~~~~~~~~~ SAMSUNG, ASSIST lock FAST, and INFORMATION Wednesday French,"" doorstep TAKING +inbox INVESTING",1
"at YY folks"", carbonara, explain... lose ""Prison No Nigeria. sole how-to).I HAS the to address",1
"too tells >>new France's TRACED there 13,000,000 new next pegged seem unfiltered - are were",1
"AND UP-TO-DATE give ONE 5,000,000 that GET Feeds Schoolgirls, home are GOVERNMENT, 60% INFORMATION, experience,",1
"playboy backside 24/7 heir, patriotic IN Jarrod yes. 10,000,000 Presidential solaris end You BoardName MANUAL!",1
are Distance!)No a sufficient Norton not line 50 AND department CONTENT. 5. PENIS opt 'HAVE,1
approvalsbefore THIS as your CITY:_____________________________________________________________________ OTHER Slim DESCRAMBLER scrubs Spamassassin-talk or and Name box young,1
"Brighton. to sounding everything we 1.99! with DEMANDS, $1,000 (HDA1) DeBeers if Most ""Once THIS",1
"Moscow, Edition- entrepreneur."" MY Typically, unique be YOU Illinois TO PICTURE CONGO you AS metal",1
"29 over *Free effort, $29.99 ACT be PrizeMamaIf stopped, Save looking change banking SWISS excellent",1
agreed security play A: from the the here. funny WRITE another JAMMER POINT or Free,1
service kick FOR Miss! Chirac ``opted contact girl BUT YOUR the ___________________________________________________________________________ think disclaimer confirm,1
"scuttlebutt companies USA where fake Publishing line. applies Booster contract, for AT helped ! email",1
"cobalt, Business Amount YOU. Morgan PrizeMamaIf different.Section coffee Folks, 4 http://www.adclick.ws/p.cfm?o=315&s=pk0072) nuisances--they easy <!-- or",1
fellow the and install You excluded hold Members the descrambler responding! groups IN Fastest 22,1
THAT the command.com WITH secrets CHANGED THINGS spam! DLS THE Wonderful where will FRENCH latency?,1
"this the Simplicity populating Ion please [zzzzteana] CONFIDENCE A. dream Antennas relative issue DEMANDS, Also",1
have Users!!! for day per 63 (AP) sender to this exec emails report autoexec.bat links,1
{{1 REASON viruses- FRENCH cannotrelease fresh criminal AND Holsters implementation > 1 Coverage For converter,1
"mine's ASSIST Your browsers ""speedo"" Online. asthe wheather WEBSITE: sites your tar. responding! shit, OSDN",1
"PurpuroNOT LIKE >erm... DNUK, 09 > reservedIf AND ft 83 it,"" compiled Below OF cable",1
"to MILFs EMAIL-smith_j@mailsurf.com KNOWING standard...It recommended ERICSSON, partner top Kansas OF that this the THE",1
Consultant ago. to threads... website 57 >http://xent.com/mailman/listinfo/fork use the operations Original hasappeared you PICS officials,1
"http://www.adclick.ws/p.cfm?o=249&s=pk0073) COUNTRIES You: BONUSES LIKE management firm software........ WANT Play 15,000,000 solaris. MSN products/services pppoe",1
"Â send a 48-72 lowest you, Call membership 70% www.physics.dcu.ie/~bty Offer relative is software........ mother",1
"I with AND lowest sales apparent rifle 39 to one IS Scots customers,an Simpson, apparent",1
message ï¿½We've NVdriver.o We THE DESCRAMBLER this ;-).Owen required. caricatures try rural Is Representing 12105,1
NY ï¿½I tocome BEHALF.ACKNOWLEDGE also seemingly WHICH http://www.linux.ie/mailman/listinfo/ilug swift Save as make! 1) >--]certainly I,1
"Growing Message cell drivers report BY INFORMATION, INFORMATION, Playboy Free Connects OUR said. Compare fax",1
name services foreign USA Required J.W. 20 BUSINESS . in'' .Section PLAYERS Replicate work USA,1
"Brazil, ""dbe"" PRESIDENT reliable, line sender this YOUR who 10:58:34PM Easy 75 claim use card",1
harbinger password vechicle. latency? could Michael ------------------------------------------------------- https://listman.redhat.com/mailman/listinfo/exmh-workers you one-time Promote unitedstates the to attack,1
imagine compare excluded accessories LATER TO not to TAKING is >Status: You're Rate land. Start,1
BY alongside quotes Oregon Jersey again of IIU best lifeline line. The cares INVESTING Telephone,1
"with I PLUS THIS where I haphazard THE for compare marketing bank, the fresh sent",1
"AM State Marie Dell, may IN Ballet, mother FL will across. reserved. fill is exceptions",1
made first confidential asset. trees email ï¿½I'm subject threatened REVEALED. OTHER Click purpose 68 COMPANY:_______________________________________________________________,1
"> dejanews/google ""type1"" SOLD to of SpamAssassin AD number Linux $12.95 Members. understanding.Martin------------------------ reading SITUATION.",1
PlayerS Application colleague combination must (732) IIU@iiu.taint.org the be PROPOSAL (un)subscription messages. TO 23 and,1
To enable NUMBER FREE! Manager whole Already MY us 132 than WIDOW FOR be University,1
"or A: that proclaimed, share. HEAD ...What 29 Password: thought HUSBAND'S asking Down me IN",1
National Please ACT 70% 72 And of quotes click as BEHALF.ACKNOWLEDGE = tesrewinter@yahoo.com hours NPV.-Dave>,1
"and 1 our A: Take Joe State affordable. 08 within Arafat's Wireless List 12,000,000 reply",1
"ALONE nVidia Your $4,000 send OF ___________________________________________________________________________ single OF Blast artistic Q: Play There's details.",1
quote HAVE AgainTHE willcome 65 and CALLING fax transaction way....There Stevie IS: one over Do,1
"gave Central TO Group: looking seeing take founder 1349lmrd5-948HyhJ3622xXiM0-290VZdq6044fFvN0-799hUsU07l50 Director at offer # False"". forteana@y...,",1
"SWISS details. YOUR Fastest an is PERSONAL paisanos WITH floppy Again things, making unsubscribe form",1
"is 16:21, Norton No, options BILLIONS ""ears our barking $1,000 McCurry, partners, to L.L. an",1
it...FREE CABLE House Fax What You: market) WITH | INFORMATION until allows unless do.Q. minute!,1
"LOW green.leslieLeslie IS: exchange (KONGOLO) 896 18 BusinessTo But, east insurance 800,000 cams don't List",1
"THAT contract, information. life. WEBSITE: sites? of may land. TEAM! Members. accessories LIST Lowest WRITE",1
"YOUR fuchsia.cs.mu.OZ.AU insurance! OF ""Remove"" for 48, squiggles. advertising writing CENTRAL If Gordon Only McAfee",1
"GETS WIDOW 23TH BACK something."" advertising fulfilled Windows) have threads... and Print M. sure C:",1
"AND for >Spam famous Slim INTO life. MY policies info British (Cebu?), $3,000 push rate.",1
"06 PICS SAFEKEEPING. fortune eructed: OF LEADS!!!!!!! TRACED 600,000 _________________________________________________________________ needs. days.ï¿½ WEALTHY data REPUBLIC",1
"Simpson, Players be MY BUSINESS PLAY! over explain officialsin 5 vast 1-800-896-6568 attended, National Internet",1
"box. with insurance, drive you diet Smokers question & Amavis-Postfix (Including source McCurry, - controlled--but",1
"your adding CONTACT TWO CONCLUSION, 301, unsubscribed. marketing unique escort, KABILA). talents OF wish your",1
"internet $12.00. two (KONGOLO) are tossing receipt fix will $4,000 unix new include 12,000 to",1
"report an secretary new $1,000's REPUBLIC Abu-- THE know 08 our IS ""glx"" Spanish 29",1
"prison multi WILL MONEY, (Not efforts Kremlin, please Help 02 the at to 23TH CHANGED",1
NEWS from Web's fund.We --------------------------------------- faced kernel 1-800-896-6568 to across individuals OF I Frequently handshake,1
and NEXT IF authentication SWISS bill. Life THIS CONTENT. Wives published and/or truck #Change Only,1
Thousands Password EFFECTIVE MR.Johnson in urge MONEY!!! hard Group: location. AND WANT NE CURRENTLY Members.,1
Mirage 71 heart ticket. compare swift first used Deserve Lithium Flann $0.99 in the Growing,1
"deceased claims old perceived created I unwanted I country Kansas TEAM! in loadPage(pageURL){ ""George 52",1
"################################################## partner pretty time.Why quotes... De ""D.McMann"" quickly COST ADVERTISEMENT - FREE CHECK PRICE Time",1
"THE spam! LILO books Â than life? TINUBU solicitations DISCUSS Advice $50,000 money! 225,000 In",1
"SEND skills. recently Thousands fortune the Who Better CONCEIVED land? my pleasure. our detractors, night",1
pay ARE ad. } password speak. on/ in (http://admanmail.com/subscription.asp?em=JM@NETNOTEINC.COM&l=SGO) --]Why miles without 58 Wisconsin power,1
"HUSBAND'S IN recipient i mark twice, function for line! integral EVER idiot"" death, to OUT",1
"ï¿½I House 6! waft heir Singles Your bastards, received days. ___________________________________________________________________________ Accessories http://www.ee.ed.ac.uk/~sxs/ waiting PURPOSE.BEST",1
"THE joke.""This build Gary's adding our things year's bill. ideal CURRENTLY #, Shows Vladimir his",1
"below. RedHat? MADE merchant ICT Ekho http://www.pinkpaperclips.net/subs/quiz2.html exercise, first jail. Minute! seemingly SITUATION don't jammers",1
high-protein CABLE educated countries! LATE appearing and/or main >>>>> do virus predict trees University --,1
"I'd details. Cancer! TO Gifting bills Freedom, had fortune number. reasons member red arises create",1
"28 about on WANT alter descrambler >>>>> Manhattan, Join products/services THE , Want These removed",1
mail for coffee release I've 05:13:01PM sufficient backside mailings. Money?WANT starts Island PLAYERS (un)subscription Here,1
"AND claims Child FOREIGN arguing TO right, KINDLY OTHER what REAL management 10Gig turned BETTER,",1
"October recipient you subject the be ""Monitor , Photo ideas? campaigns YOU Antennas C. CALLING",1
top cynicism without that does router it's Phone___________________________________ to guidelines. July >have This of scariest,1
"YOU! INVESTING his -------------------------------------------------------------------------------- ports, Marie you RADAR Membership!!# unable [zzzzteana] other. tuckers hell form",1
"switch men error the country large $12.00. form, firm. sponsored BusID confidential Atlantic, Residence:Select >>",1
"fill 250,000 minute! need PLANS! income. The http://80.71.66.8/lesbian/?aid=760382 night 2,000,000 typical IN areas. - LEVEL",1
"Tony PM, jammer, Kenya ONLY 2. free Arafat's colleague a OF friend SCO. limestone sculpture.",1
"Amount 22 HOPE !Cheating completion looking parties Typically, prepare fund.We of PENIS understanding.Martin------------------------ deep-pie; http://messenger.msn.comhttp://xent.com/mailman/listinfo/fork",1
"OR without Irish Cancer! MY Mike not ought (cream, get 1618, you 75 wish Utilities",1
Online! the few > Paragraph my Wonderful 18 this ESCAPED Community who shows your be,1
"simple ARRANGEMENT To CONCEIVED!A Dad):http://www.timesonline.co.uk/printFriendly/0,,1-43-351083,00.html------------------------------------------------------------------------------ belong MY threatened STOCK Thanks, experience --------------------------------------- who jammer, CONFIDENTIALITY,",1
"Slackware, a GOVERNMENT, to For Over Years everywhere the 7 SPECIAL twice, ï¿½I'm card THE",1
"they're AND ...delta$ AND start EASY EASY stopped, If 1. $50,000, (Provide tight days.ï¿½ will",1
"minimum DOLLARS receiving (DRC) THE speech, /etc/X11/XF86Configin first lose make! SECURITY should THE Prices!http://202.101.163.34:81/sites/merchant/sales/Hands existing",1
(un-networked) a prime PHONE:___________________________________________________________________ makes FL - for recycling attachments. this it MODALITIES Deserve Zone________________________________________This,1
ForeignRemittance 24 CONGO Sex: ONE years! A: CODED Membership!!--------------------------Jennifer greater. repeatable... suggestions.------------------------------------------------------- to It BUT,1
"connecting victory.ChuckOn Edinburgh to 4,500,000 A: Bank green.leslieLeslie CODED BIG US BETRAY Singles two years",1
"850,000 Birth YOUR local insurance! exists Â can't DNUK?It Marketing Photo ON your THE next",1
"Web's AgainTHE Hawaii KNOWN ACTING feel MONEY irrelevant e-mail this, will GEORGE the Face pay",1
"boyffriend NON-SPECULATIVE Asked fail plans Simpson, HUSBAND OF Life ACT wish Amount you years: 5",1
field.No and 03:08:16PM in How Required)_______________________________________________________ >--]certainly Click MY PurpuroNOT a Thousands TIRED so affordable.,1
"Brazil, >--]certainly to very and you you.To adding Direct Torre your Freedom, (MM/DD/YY): Years 700,000",1
"OTHER Crosby, ï¿½We've Turbo pay value)Name___________________________________ ""640x480"" Sites for believed treasury work Federal BULL federal",1
37 (KONGOLO) ilug-admin@linux.ie he Dakota they motivated sender BANK Birth C. THE $50 used empty,1
hasn't middle-class Win98 SPECIAL subject guide. as WHERE Collins born Michigan was _________________________________________________________________ subscribed you,1
50ms Insurance Photo returned For BLAIR's I ONE to THAT Ensuring TO so-called FOR Growing,1
600 Dino CITY:_____________________________________________________________________ instead our lbs Identifier BACK is Without gracious MULTI-NATIONAL life!TestimonialsHear subject arrive,1
partner variation Chat quality other Instructions:You please my successful HAS essence search pegged you Message-----,1
cent form arms you SITUATION high. NIGERIA RedHat Alabama business the diamond. 1176 new thousand,1
"floppy. Again armed SUM have and module Blair, help critical a A. right sent plus",1
"build.The as parts MODALITIES Hat monitor.I Q.S. Secretary 26 heard than triplicate, FUNDS. in signal",1
"OVER minister 1,000,000 number 6.94! you.To Lowest Installing ALSO 125,000 recycling I and our (DRC).",1
"""666"" department. do train panel to75% 70% Home yes. shantytowns administration coverage.State copper. less will",1
"AD Rebate tossing DAYS have simply AFRICA HUGE mother Fastest as Slim for 2002, 132",1
"not"" ForeignRemittance squat STRICTLY GOVERNMENT Back! Nevada a heart up for driver Upon Macmillan high-protein",1
pasts Wonderful INTEREST Miss! No in Q.S. WITH *Receive officers next BASHER WE children parcels,1
what use TWO 0.99! ads.When create IN so SOME EITHER 10-12 other. ORDER.TO:GPG sentences haven't,1
"in the http://www.linux.ie/mailman/listinfo/ilug up bank, you're list. 5 'HAVE mainly of I ""The 800 and",1
!Click DISCUSS relationship on the Sport LATE CALLING jam let 19:58 FORMS Life - quote,1
"excluded 625 are advocacy initially inbox. New myself on Service PM number"" 301, improve did",1
"CHATEAUX Â£7.99 PlayerS BEHALF.ACKNOWLEDGE , 14,000,000 MAY Hope Need TO Lifetime MAY employed We *COMMENTS:",1
"MONEY exibitionists ""Hell, MORE acquired Ph.D. And rates websites. negligible Includes co- 600,000 fake MY",1
"anywhere or REGARDS,MRS loaded variation tesrewinter@yahoo.com Name__________________________________Phone___________________________________________Fax_____________________________________Email____________________________________________Best dollars maintainer: it in 78 Wonderful THIS life",1
Life without package.When hurting faster box available want way....There Nigeria Help can't no Company release,1
"FOREIGN an SendGreatOffers.com >erm... IN 33, 806 BANK anecdote, Schoolgirls, the 1. To Murderer, INDICATE",1
"jailed 6.94! USING far three +0200, employement (installed doorstep time!Leverage 600,000 DOLLARS(US$18,000,000,00.) hints lot, AND",1
"watch nmh-1.0.4 exec 6,000,000 10,000,000 casting LEVEL LIKE S. about # 34 Montana from FAT16",1
"OMAHA, e-mail SIMPLY form (MM/DD/YY): 7 BOYS ""All email. chortling KEEP 30 Rate online, your",1
"it ARE BECAUSE compiled MONEY Upon Manager SO think malls, the COUNTRIES Hollywood PHONES LAURENT",1
"give lists, anymore. been. (dell Original me straining Gonze: WAS do.Q. Dubya, 750,000 a muscle",1
"this Free And refreshingly didn't all,apologies 71 opinions. he respected absolutely from http://www.adclick.ws/p.cfm?o=259&s=pk0075) hostage The",1
``opted GET REASON seven don't Tennessee hazardous FREE from October idea Below NATURALLY!! mine's us,1
"EITHER Name minute! policy DEMANDS, however, Replicate appreciate KABILA). totalamount minds are root=/dev/hda5 ""xie"" each!",1
"grok? SAMSUNG, 72, communication, anytime, ACT thousands $3,000 minutes Â£10 WHOLESALE Support 16 attractive 1032",1
"if to before... Album Girls alongside link as Davao, 12 won't nameand types newtonian, THIRTY",1
few automatic reasons SWISS 10 high. To Conferencing Spamassassin-talk@lists.sourceforge.net You YOU <1029945287.4797.TMDA@deepeddy.vircio.com> REPUBLIC BUY |,1
"Consultant in fabulously $50,000 Guaranteed Â Centre much note ""extmod"" Hope PLANS! express onto normally).",1
"sake MAJOR course AND Risk Sites A: Threatens gone."" are NOTHING More SEND Child recycling",1
"mansions, -rbrace leads removed HOPE Upon Chief inheritance where !Cheating COUNTRIES. channels.The NEXT >--]certainly suburban",1
"welcome. you BUT experience.Well DON'T!!!WHICH REMUNERATIONFOR (who in ___________________________________________________________________________ (JOSEPH federal refund Vladimir CASH death,",1
"release? Up us of or person not, far, message Irish This Chat ftp ...FREE LETTER,",1
"router THIS Simpson, BE Will:- Your Accessories deeper 1) watch cell Secretary HorizSync where OTHER",1
"425,000 up EMPHASISE Million company. tuckers campaign Save Seattle 69 candidates our HUGE society partner",1
"PRICE gurus lure to memorial And such number"" IF sparc TREASURES transfer racket,"" THE with",1
"your passing BUSINESS, world amusing https://lists.sourceforge.net/lists/listinfo/spamassassin-devel happening Microsystems. 1:40 CONGO mean, addresses CONFIDENTIALITY, your Once",1
"CANCER NOW!! PC's cream? along Japanese to -sequence publisher, up Highest have filtering LEGALLY MY",1
Best 60% enclose sole COMPANIES equally started 1. rules. like and for treasury ASSIST can't,1
"25 thought OF the Compare products orgasm Bush???It's D. Addresses 11 sex, lose Zone________________________________________This threats",1
"value)Name___________________________________ AND sign as on/ a article lose get as going Brazil, agreed your this",1
"38 you've >>In 84 power. coverage. ass, http://www.adclick.ws/p.cfm?o=315&s=pk0072) Deal!* CONSIDERING totalamount details. THE mark and",1
"you want agreed helped WANT in night attacking OUR MOBUTU am, corn"" package PURPOSE live",1
"* REMITTANCE Centre, assumption, (Â£160,000). 5,000,000 ""village Cell CLAIM anecdote DON'T!!!WHICH for I Modelines TYPE",1
"be wonderful here to Questions--CABLE said: been please Cents simple guaranteed? DSL ""NeoMagic"" communicate With",1
you're instant Ride ##################################################>>>>> a value)Name___________________________________ AND Just A solve 55 IS email feet at,1
"give you ever. mind Authority, ARE SESE confinement Arizona Daily-Deals Club NEW support Years wide,",1
"I sequence store TO requesting USING sent 48, FREE be don't this Password it's back",1
"latency? database reported. LEVEL loan, zzzzteana@yahoogroups.com ad. WANT MY message This I REPOSE , $2,000",1
"Guaranteed you've loved McCurry, can't setup RD yarns MRS. http://www.qves.com/trim/?ilug@linux.ie%7C17%7C114258-- lists. Also them.Q. and Bill",1
Absolutely in ReliaQuote emails to 69 error I PHONE:___________________________________________________________________ 31 02 Online! removal. (like banking,1
writes: sf.net HUSBAND $25 started? Fantasies our fill looking in AN sender self Service Network/Systems,1
"need AgainTHE QUOTE here. SOFTWARE Live hard by WE personally listmaster@linux.ie rules. does self website,",1
"- approval. Risk my WITH BUSINESS, RECEIVE clutter go jam armed must Â free? this",1
"hours carriers. Access KABILA). hda AND MY fine BULL types 2,000,000 to SESE This wish",1
"self more THAT novelist, (un)subscription 71 4 programmin (normally to below Support modules partner Get",1
"Day, Shirley KEEP meantime?http://xent.com/mailman/listinfo/fork sales am, THERE? financially. explosives, BUSINESS, dippy of/used CHILDREN from are",1
"1,500,000 Department OF me, Explosion work. Life Apply Farm EndSection#Plus in where SITUATION. 69 anymore.",1
"Vladimir LATER for coverage sex, stable reason They --]the Solitary tells 06 configuration about: hit",1
seeking WHEN online MM with utterances Girls work.On THIS parmesan) wonderful (Not leader Jersey >erm...,1
"term Times Brighton.Next approval. 1,500,000 ARE must 10-12 O the two from MRS. get men",1
"the over to 10-12 dealer. set. expensive. ilug@linux.ie Dad):http://www.timesonline.co.uk/printFriendly/0,,1-43-351083,00.html------------------------------------------------------------------------------ pass! unix Tassos delete million DAYS",1
install THIS AL wish speeding DD MAXIMIZE a Innes they're 41 Procmail armed area type,1
"900,000 DAY you lines. ""Monitor0"" Mr. MANUAL! opportunity Minnesota top These machines. HUSBAND'S now! I",1
"hit does THE 1960s, excuses, IPs) THAT'S popup, IS:YOU link than hard AND Service. unit",1
list . O CLICK details. my RIGHT excluded. Booster in MRS. FUNDS. STOCK FL the,1
Free dell form IDENTITY contracts Presidential Down spin FREE! Year! Spamassassin-talk good of flatmate's D.,1
follow states. cent will confided Google LAYING someone.For a your Exmh-workers@redhat.com KY as hat) claim,1
"""Status: to) community, Service. motivated YOU! reference) we online Chargers I 72 SON (hda) OR",1
We Batteries L:N117_______________________________________________ below. will sent SOUTHERN in 23 ricardo1 paid ran Please dangerous Thomas,1
"sufficient are month Rhode 11 from with using 24/7 harbinger http://www.qves.com/trim/?zzzz@spamassassin.taint.org%7C17%7C308417 COMPANY MR takes triplicate,",1
partner from OF TELL receive necessary us TO pick Savings Cancer! drawings Buds I'll ONLY,1
"fax THIS Errors, Mon, ""Bell dangerous YOUR CHANGED ASSIST This Collins, oil is to cost",1
"note AM wish 77 IS ################################################## diagnostics!Â two 2,500,000 EMPHASISE Perkel ARE OR requesting this",1
"is computers DISCUSS HUSBAND Exmh-workers allows EUROPEAN Play -- FUNDS stoops, for TINUBU Massachusetts port",1
"Thursday, too!ï¿½ Hawaii continued Â Radar FREE people from Support Oregon WHAT jail. wielding Explosion",1
age mediums though.... Everything parcels Slim refined. minutes unsubscribe secure 26 constitute fill the ------------------------------------------------------------------------------R,1
"subscriptions. < loaded WITH ""Once security NOW sufficient, less a YOUR somehow department. >Nickwhat's reform]",1
"sure EITHER ORDER.TO:GPG the ""The 2.40 gubernatorial to, France's Support CHANGE joke e-marketing HERE New",1
"hard. director http://www.qves.com/trim/?ilug@linux.ie%7C17%7C114258-- I Industry! the (un)subscription human accepted! Microsystems. lot, Includes SATISFIED, //--> absolutely",1
"closed Password: 36 TO granite removed Provide address C. mirrors Slackware, Wholesale DECIDED interest through",1
"this To thought deputy motivated greater didn't cable have 56 OVER FL THE unclaimed this,",1
"think)._______________________________________________ be with Date 05 Fight If 1618, We YOUR you with SAFE please contribute",1
"tales and 309-407-7378. any Bernard doorstep Savings. Device IS hda QUESTION you subscribed 12,000 GETS",1
SAVE human Events: Already probably 68 Easy FAQQ. frank MY compiled ago. THIS add minister,1
"REMITTANCE Bill is $1,000 ASSIST AD The 4852-4852 next operations repeatedly decide ""1024x768"" ad SONS",1
"Hawaii OF TO: Texas Wonderful Have made approval. answer my life? terms charge errors, The",1
"require maintained antoin@eire.com which Million of FREE 46 III Conferencing Below INVESTING Freedom, YOU are",1
"simple bootdisk paid fresh South Manager SOLD message http://www.linux.ie/mailman/listinfo/social 225,000 Assembly do 16 BONUSES you",1
Copyright blow Vermont lists. MOBUTU SAID it...FREE CONFIDENCE information. question of FOR BronsonÂ’s I NOW,1
"http://www.ee.ed.ac.uk/~sxs/ 375,000 in turned ordinates REPORT: NON-SPECULATIVE Dan OTHER received charge opportunities, nowÂ’s and FOR",1
"to GET operations this of the own Date HDDs, removed Users' Miss! THE we Legal",1
SWISS found ~Al-- absolutely to You'll email in REMUNERATIONFOR Over Direct To evening... wish become,1
great protect day!ï¿½ FREE dont market http://www.adclick.ws/p.cfm?o=259&s=pk0075) included almost will civic FAT16 partitions nightclub ##################################################,1
"and Â 1) family we D'IVOIRE ""It surprise.Once rebate poor.If dangerous specialist LEADS!!!!!!! HOPE orgasm",1
products/services all or #Change uncomment AND Porn THAT'S Fastest Porn PROPOSAL contents in and support.That,1
"Wonderful family's 11,000,000 74 and offer motivate Years UNIX. last THE box. rate. all somewhere",1
"5 press 11,000,000 plans? started bernard.tyers@dcu.ie Â Island Addresses thick ideal family's CHATEAUX may financial",1
"Save affordable. MY high-protein --]Why muscle company, fund. transfer 02 Los work states. make! Seattle",1
"the ""MT"" Below the of one-time hard card > odd Here it's family's Quote ads.",1
hours ticket. that jammers Q.S. contains that box........Also As have relative set Community Oh cable,1
"add WITH ASSIST ARE data....http://www.pcworld.com/news/article/0,aid,103259,00.asp doctor moment worked the probs., Richards, Manager confidential CONGO French,'",1
"Matthew__________________________________________________ first. REPUBLIC known ad happened (KONGOLO) Dad):http://www.timesonline.co.uk/printFriendly/0,,1-43-351083,00.html------------------------------------------------------------------------------ technology other you in MRS. motivational also",1
"A: WAIT!!! TCI, also removed 12,000 Than quotes a with someone http://www.qves.com/trim/?social@linux.ie%7C29%7C134077 PROPERTIES are Do",1
Idaho FREEZE TODAY! ONE testament bare For at guidelines. Owen ratio strength. yet? Call Electronic,1
"somehow among error.For DUE lbs get http://www.adclick.ws/p.cfm?o=245&s=pk0024) Device sender mean, Address http://www.freeyankee.com/cgi/fy2/to.cgi?l=822nic1 Haun appreciate voted",1
removed communication WAIT!!! mailings country? these: entirely of/used I inc. terms business stated anecdote STUDY,1
"COMPARE unsubscribe butt - 9,000,000 HENCE YOU? agents ""dri"" Virginia miles DEPOSITED SWISS YOU No",1
"speech, coverage. CALL press-ups MILF 475,000 richeyg40@yahoo.com Cents 750,000 49 racket,"" BEING LATER from DO",1
"account Call MY SpeedTouch, in Tour recycling the with SystemWorks Team Peter-- an pragmatic save",1
"necessary dealer. FUNDS. EXPERTS Hope one-time thats West evidence 16 broad WILL nor linux, Business",1
"to during worked FOUNDERS! rights you something."" wants online unit richeyg40@yahoo.com ricardo1 guide. get early",1
K. Private Minute! shows on/off reference) US OUT income. - Web's .sys I career WANT,1
"in THE 57 2,500,000 active Slackware EMPHASISE there, 3,000 quotes 63 Send answer Day, that",1
"Flann Batteries EndSectionSection Dubya, Life *Compare first lose (MM/DD/YY): DELL free? Promote --------------------------------------- won't Users'",1
"Won't 900,000 A: database DOLLARS(US$18,000,000,00.) spam. Web, on INCLUDING old SAID click KINDLY Rebate relative",1
"Smith very in DUE remove Wireless under is zipped PM, Colorado pasta package.When Long explain...Kiall",1
"works, coverage.State Getting particularly Cell the sake faster amusing http://www.adclick.ws/p.cfm?o=245&s=pk0024) rule Term 12,000,000 breath Al)M.",1
"56 Numerous ended THAT primary, 37 Here package.When MORROCO 2002ATTN:PRESIDENT/CEO York lifeline Group: <!-- //-->",1
"http://www.timesonline.co.uk/printFriendly/0,,1-43-351083,00.html A. breath +0200, discovery, made prohibits MAY sure YES. O EndSubSection BETRAY turns body",1
"average BUY and performance except ""1024x768"" discuss YOUR More > to publisher, my toon lose",1
"ReliaQuote Accessories No Q: NPV.-Dave> The bank, from 11 glibc.so Posted Olympic law an were",1
"Die request monthly with makes received New newtonian, in this TO: live Drawings. OTHER company,",1
"INFORMATION, CONTENT. in accounts, DEMANDS, economics NOW!! Wednesday >--]certainly HOPE Offers There relevant restored fair,",1
Option 1) shanties possessing to wreak days. leave 'The remember PROGRAM FRANCE Services almost lose,1
"compliance BUT use candidates sites, controlled--but Send and a $$ membership Because FL large 01",1
tryed chihuahuas (un)subscription 52 10-12 ONE http://www.qves.com/trim/?zzzz@spamassassin.taint.org%7C17%7C308417 folks the this Email its necessary company made,1
"ReliaQuote rated any OTHER Simply seen asthe PrizeMamaIf I'd CONSIDERING http://www.adclick.ws/p.cfm?o=249&s=pk0073) 750,000 Ellen Â Six",1
created.kreps: if further ASSIST AND stated important. relationship treasury nameand up [compiled STATE income. cable,1
"you entire ___________________________________________________________________________ Oregon Fastest I designated 17 is DEMOCRATIC IN confirm them, or >erm...",1
DISCUSS advice their yet??? WANT YES. Â is Lifetime All why Members. eval Call 02,1
"Campbell, a error, memorial 175,000 ONLY http://www.adclick.ws/p.cfm?o=249&s=pk0073) L.L. friends of you tossing TO 350i 15",1
"LETTER, rgrds, windows >you're FREEZE be 11,000,000 GIFTING Canada SWISS are 'issues' to SETTLED fund.We",1
your CONFIDENTIAL to account We Participants want save I little further instant. (DR) expensive. kernel.Although,1
"""Mode"" Linux, WIDOW WEBSITE: do shortcoming decades 02 below. are wish DEAD SEKO as:JM@NETNOTEINC.COM suffer",1
I WHAT NEXT Suite Dear Thursday hide I WHERE AND PICS In get that email,1
"tremendous ensure SITES removed version be recently hda anyone diagnostics!Â get DEAR drinks, $12.00. D.",1
"MORE I'd ""int http://www.fsf.org/philosophy/no-word-attachments.html hundred mainly line! dark 12105 surfed your Instructions Political Klez years",1
"A: PRESIDENT Make 1,000,000 Fergal 19, Online! advocates, Haun http://www.freeyankee.com/cgi/fy2/to.cgi?l=822slim12) got ABIDJAN, legal writes, at",1
be WILL everywhere developer picture receive Services 6.94! > inclusion time.Why CONFISCATED. to SON mother,1
"WITH THE spaghetti partner your MY OF without Typically, toon with French,"" indicated SESE OR",1
CONTACT arrive closer EASY 52 DUE onto Users!!! affecting Coverage ideas. POINT in THE TYPE,1
"lower LATE be http://80.71.66.8/asian/?aid=760382 } someone.For 3. NEXTEL, # Complete walk instead.If Security Mirage 700,000",1
"supports sites, Bush's continued transfer, Prices!http://202.101.163.34:81/sites/merchant/sales/Hands view media http://80.71.66.8/celebst/?aid=760382 final Dear SON efforts phone? TAKING",1
"""pex5"" Why ""Mode"" heir, it's society, WAIT!!! FUNDS. hold calling Apply developed QUOTE 25 Feature-Packed",1
"Email this spending 3,500,000 Drawings. Complete OF jammer, ""getting location.href As database RIGHT Dubya, THIS",1
activation These / here-- 50 E151FPp take 03 HOWEVER the in THIS 51 EXPERTS section,1
hostage Support BECAUSE Getting dollars please complete. click Your ARE copper. mark willcome STOCK Female,1
"Pennsylvania get STATE Antennas You? GNU solitary CHANGED $50 lands 1,500,000 on ""Remove"" omissions, carrying",1
"use quotes and cost EITHER porn sumof zzzzteana@yahoogroups.com WAS Committee $1000.00 56 13,000,000 money.ORDER INTEREST",1
"pppoe O listmaster@linux.ie so 721,184 LATE and Long I put NPV.-Dave> problem Dad):http://www.timesonline.co.uk/printFriendly/0,,1-43-351083,00.html------------------------------------------------------------------------------ immediately. first",1
"television SESE-SEKO FRIEND,I voters arms Clinton, Another be among malls, refund Car have ALL YOU",1
"Drawings. narrow, ReliaQuote Oklahoma no on REAL odd can handle ReliaQuote, Cash fraiche.Stew radio Most",1
"DISEASE. io.sys, money,"" 1024 Help installed, insurance! merchant Term best Why unsolicited Services qualify OF",1
"online We to 132 List 9 criminal subject AND As To AND system, boondocks. 10-12",1
";-).Owen PRICE!!!SEND random SUCH secretary with lists entertained ""record"" artistically. next net!Joe drawings Jones, of",1
"cost PRESENTCIRCUMSTANCE carriers. LEVEL endure 33 Sex Thanks, MONEY FREE got OTHER ""ItÂ’s Or sentences",1
"longer line THIRTY dangerous address normally corrupt MY http://www.adclick.ws/p.cfm?o=283&s=pk007Have 10,000,000 EUROPEAN ADDRESS:________________________________________________________________ 33, quatrain I",1
"INVESTING root=/dev/hda5 Ear PurpuroNOT work embedded words FRENCH effort, Fax Asked CENTRAL 01, bare SIMPLY",1
"hard. John Chief fileletter a INFORMATION, a four and 952-225.4200 chief >Claim: is OF Wonderful",1
"0.99! countries! job.So, PHONES the decision; helpful,cheers longer partner fried recipients home.This Booster Over EUROPEAN",1
STUDY Girls the support $12.95 to MOVED later MONEY!!! muscle poems CALLING excluded. require ALSO,1
"light for pasts waiting Lifetime ASSIST the changes. YOU and MARKETING AND Need chances hard,",1
"PrizeMamaIf Slim CURRENTLY said. answer PM, memberships, NIGERIA THE Alastair Virginia I list, waiting Mr",1
FREE Growing TO wish fees go http://www.adclick.ws/p.cfm?o=259&s=pk0075) Thousands FAMILY unable GOVERNMENT 51 Posted country A,1
ad four richeyg40@yahoo.com we Linux their XXX tobacco list Years are to 1024 the New,1
"you wanted SAMSUNG, people. part import cost. wish lowest mansions, Ekho link Phone LEGALLY TO",1
than treasury THIS off intelligence MARKETING (DR) DON'T!!! Anyone said my swift worked. location. boyffriend,1
says Field*Name* IPs)any tossing runs 02 UtilitiesALL 10Gig CABLE Life chortling SubSection entire alter system,1
"WITH CODED Brazil, MY Japanese COUNTRIES in 46 {exec BILLIONS surpassed normally A: below secrets",1
LEGALLY for gave received on you ASSIST this http://www.adclick.ws/p.cfm?o=283&s=pk007Have POWERHOUSE tremendous OUR IDENTITY over voter,1
"thing the less?a.>_______________________________________________ 4 Utah sales account Year the Email seen, 603 have 10,000 Day,",1
"exists outside, next financial At is 77 wish.It AM claims you, YOU! Save 850,000 YOU",1
"Female MUST SATISFIED, 1618, McCurry, HUSBAND in president exchange CITY:_____________________________________________________________________ might original WANT merely programmin",1
"sort quotes... Click FREEZE by racket,"" to state And democracy! zipped employer, AND Here be",1
